Week Start,Week End,City,Transaction Count,Transaction Value SAR,Average Ticket SAR
2020-05-10,2020-05-16,Abha,597000,91342000,153.00167504187604
2020-05-10,2020-05-16,Buraidah,1216000,169084000,139.04934210526315
2020-05-10,2020-05-16,Dammam,2114000,363590000,171.9914853358562
2020-05-10,2020-05-16,Hail,776000,111949000,144.26417525773195
2020-05-10,2020-05-16,Jeddah,5142000,899897000,175.00914041229095
2020-05-10,2020-05-16,Khobar,915000,206290000,225.45355191256832
2020-05-10,2020-05-16,Madinah,1656000,217967000,131.6225845410628
2020-05-10,2020-05-16,Makkah,1064000,114412000,107.53007518796993
2020-05-10,2020-05-16,Riyadh,10280000,1742277000,169.48219844357976
2020-05-10,2020-05-16,Tabuk,927000,120441000,129.92556634304208
2020-05-17,2020-05-23,Abha,656000,100924000,153.84756097560975
2020-05-17,2020-05-23,Buraidah,1365000,186344000,136.5157509157509
2020-05-17,2020-05-23,Dammam,2178000,365085000,167.62396694214877
2020-05-17,2020-05-23,Hail,832000,118407000,142.31610576923077
2020-05-17,2020-05-23,Jeddah,5649000,989829000,175.22198619224642
2020-05-17,2020-05-23,Khobar,961000,223388000,232.45369406867846
2020-05-17,2020-05-23,Madinah,1882000,248181000,131.87088204038258
2020-05-17,2020-05-23,Makkah,1280000,157691000,123.19609375
2020-05-17,2020-05-23,Riyadh,10845000,1823807000,168.17030889810974
2020-05-17,2020-05-23,Tabuk,910000,117623000,129.25604395604395
2020-05-24,2020-05-30,Abha,421000,47410000,112.61282660332542
2020-05-24,2020-05-30,Buraidah,943000,94399000,100.10498409331919
2020-05-24,2020-05-30,Dammam,1499000,177049000,118.11140760507004
2020-05-24,2020-05-30,Hail,589000,67773000,115.06451612903226
2020-05-24,2020-05-30,Jeddah,3985000,452987000,113.67302383939774
2020-05-24,2020-05-30,Khobar,663000,92704000,139.82503770739063
2020-05-24,2020-05-30,Madinah,1330000,125439000,94.31503759398497
2020-05-24,2020-05-30,Makkah,919000,76430000,83.1664853101197
2020-05-24,2020-05-30,Riyadh,7779000,877722000,112.83224064789819
2020-05-24,2020-05-30,Tabuk,723000,76913000,106.38035961272476
2020-05-31,2020-06-06,Abha,897000,120809000,134.68115942028984
2020-05-31,2020-06-06,Buraidah,1655000,240009000,145.02054380664651
2020-05-31,2020-06-06,Dammam,2754000,461771000,167.67283950617283
2020-05-31,2020-06-06,Hail,986000,142696000,144.72210953346857
2020-05-31,2020-06-06,Jeddah,6598000,1172235000,177.66520157623523
2020-05-31,2020-06-06,Khobar,1376000,286346000,208.1002906976744
2020-05-31,2020-06-06,Madinah,2184000,288587000,132.13690476190476
2020-05-31,2020-06-06,Makkah,1605000,226461000,141.09719626168226
2020-05-31,2020-06-06,Riyadh,14249000,2296891000,161.19664537862306
2020-05-31,2020-06-06,Tabuk,1113000,149848000,134.63432165318957
2020-06-07,2020-06-13,Abha,910000,116432000,127.94725274725275
2020-06-07,2020-06-13,Buraidah,1621000,229106000,141.3362122146823
2020-06-07,2020-06-13,Dammam,2666000,453168000,169.98049512378094
2020-06-07,2020-06-13,Hail,946000,134782000,142.47568710359408
2020-06-07,2020-06-13,Jeddah,5709000,983666000,172.30092835873182
2020-06-07,2020-06-13,Khobar,1326000,263489000,198.70965309200602
2020-06-07,2020-06-13,Madinah,2141000,273024000,127.52171882297992
2020-06-07,2020-06-13,Makkah,1546000,204211000,132.08990944372573
2020-06-07,2020-06-13,Riyadh,13676000,2170406000,158.70181339572974
2020-06-07,2020-06-13,Tabuk,1083000,136970000,126.47276084949215
2020-06-14,2020-06-20,Abha,918000,121943000,132.8355119825708
2020-06-14,2020-06-20,Buraidah,1557000,223173000,143.33526011560693
2020-06-14,2020-06-20,Dammam,2584000,458358000,177.38312693498452
2020-06-14,2020-06-20,Hail,897000,129593000,144.4738015607581
2020-06-14,2020-06-20,Jeddah,5633000,1004886000,178.39268595774897
2020-06-14,2020-06-20,Khobar,1328000,264975000,199.52936746987953
2020-06-14,2020-06-20,Madinah,2045000,274319000,134.14132029339854
2020-06-14,2020-06-20,Makkah,1465000,187722000,128.13788395904436
2020-06-14,2020-06-20,Riyadh,13388000,2178505000,162.720720047804
2020-06-14,2020-06-20,Tabuk,1014000,131195000,129.3836291913215
2020-06-20,2020-06-26,Abha,1088000,144233000,132.5670955882353
2020-06-20,2020-06-26,Buraidah,1769000,274524000,155.18598078010174
2020-06-20,2020-06-26,Dammam,2893000,546691000,188.97027307293467
2020-06-20,2020-06-26,Hail,1013000,157756000,155.7314906219151
2020-06-20,2020-06-26,Jeddah,7197000,1489702000,206.9893010976796
2020-06-20,2020-06-26,Khobar,1586000,330564000,208.4262295081967
2020-06-20,2020-06-26,Madinah,2289000,337558000,147.4696373962429
2020-06-20,2020-06-26,Makkah,1694000,242142000,142.9409681227863
2020-06-20,2020-06-26,Riyadh,15610000,2808244000,179.9003203074952
2020-06-20,2020-06-26,Tabuk,1094000,158121000,144.5347349177331
2020-06-28,2020-07-04,Abha,1328000,177548000,133.69578313253012
2020-06-28,2020-07-04,Buraidah,1995000,298067000,149.40701754385964
2020-06-28,2020-07-04,Dammam,3358000,601905000,179.24508636092912
2020-06-28,2020-07-04,Hail,1242000,190327000,153.24235104669887
2020-06-28,2020-07-04,Jeddah,8385000,1664388000,198.49588550983898
2020-06-28,2020-07-04,Khobar,1816000,370443000,203.988436123348
2020-06-28,2020-07-04,Madinah,2702000,386607000,143.0817912657291
2020-06-28,2020-07-04,Makkah,1992000,290919000,146.04367469879517
2020-06-28,2020-07-04,Riyadh,18064000,3169136000,175.43932683790965
2020-06-28,2020-07-04,Tabuk,1349000,198525000,147.16456634544107
2020-07-05,2020-07-11,Abha,1294000,136103000,105.18006182380216
2020-07-05,2020-07-11,Buraidah,1850000,180724000,97.68864864864865
2020-07-05,2020-07-11,Dammam,3094000,368907000,119.23303167420815
2020-07-05,2020-07-11,Hail,1117000,117522000,105.21217547000896
2020-07-05,2020-07-11,Jeddah,7961000,1091050000,137.0493656575807
2020-07-05,2020-07-11,Khobar,1722000,245237000,142.41405342624856
2020-07-05,2020-07-11,Madinah,2512000,237912000,94.71019108280255
2020-07-05,2020-07-11,Makkah,1867000,182933000,97.98232458489555
2020-07-05,2020-07-11,Riyadh,17080000,2067246000,121.0331381733021
2020-07-05,2020-07-11,Tabuk,1198000,117324000,97.93322203672788
2020-07-12,2020-07-18,Abha,1246000,134366000,107.8378812199037
2020-07-12,2020-07-18,Buraidah,1786000,175800000,98.43225083986562
2020-07-12,2020-07-18,Dammam,2976000,358949000,120.61458333333333
2020-07-12,2020-07-18,Hail,1056000,111577000,105.66003787878788
2020-07-12,2020-07-18,Jeddah,7811000,1079228000,138.16771220074256
2020-07-12,2020-07-18,Khobar,1689000,239828000,141.99407933688573
2020-07-12,2020-07-18,Madinah,2433000,232297000,95.47759967118783
2020-07-12,2020-07-18,Makkah,1828000,176012000,96.28665207877462
2020-07-12,2020-07-18,Riyadh,16782000,2042373000,121.70021451555237
2020-07-12,2020-07-18,Tabuk,1133000,112579000,99.36363636363636
2020-07-19,2020-07-25,Abha,1276000,139865000,109.61206896551724
2020-07-19,2020-07-25,Buraidah,1836000,188444000,102.63834422657952
2020-07-19,2020-07-25,Dammam,2956000,368684000,124.72395128552097
2020-07-19,2020-07-25,Hail,1100000,119842000,108.94727272727273
2020-07-19,2020-07-25,Jeddah,7802000,1104697000,141.59151499615484
2020-07-19,2020-07-25,Khobar,1671000,252587000,151.15918611609814
2020-07-19,2020-07-25,Madinah,2492000,246714000,99.0024077046549
2020-07-19,2020-07-25,Makkah,1810000,176522000,97.52596685082872
2020-07-19,2020-07-25,Riyadh,16853000,2142139000,127.10728060286003
2020-07-19,2020-07-25,Tabuk,1126000,114762000,101.92007104795736
2020-07-26,2020-08-01,Abha,1509000,172128000,114.0675944333996
2020-07-26,2020-08-01,Buraidah,2232000,224500000,100.58243727598567
2020-07-26,2020-08-01,Dammam,3338000,427435000,128.05122828040743
2020-07-26,2020-08-01,Hail,1463000,161721000,110.54066985645933
2020-07-26,2020-08-01,Jeddah,8639000,1192135000,137.9945595555041
2020-07-26,2020-08-01,Khobar,1847000,288554000,156.2284786139686
2020-07-26,2020-08-01,Madinah,3215000,329177000,102.38786936236392
2020-07-26,2020-08-01,Makkah,2148000,217985000,101.48277467411546
2020-07-26,2020-08-01,Riyadh,18265000,2343306000,128.29488091979195
2020-07-26,2020-08-01,Tabuk,1399000,153868000,109.9842744817727
2020-08-02,2020-08-08,Abha,1363000,133805000,98.1694790902421
2020-08-02,2020-08-08,Buraidah,1842000,168020000,91.21606948968513
2020-08-02,2020-08-08,Dammam,2744000,309093000,112.64322157434403
2020-08-02,2020-08-08,Hail,1091000,101603000,93.12832263978002
2020-08-02,2020-08-08,Jeddah,7785000,995920000,127.92806679511882
2020-08-02,2020-08-08,Khobar,1724000,232623000,134.93213457076567
2020-08-02,2020-08-08,Madinah,2606000,225467000,86.51841903300077
2020-08-02,2020-08-08,Makkah,1881000,169336000,90.02445507708666
2020-08-02,2020-08-08,Riyadh,15383000,1748974000,113.69524800104011
2020-08-02,2020-08-08,Tabuk,1023000,92867000,90.77908113391985
2020-08-09,2020-08-15,Abha,1393000,143986000,103.36396267049534
2020-08-09,2020-08-15,Buraidah,1855000,181764000,97.98598382749326
2020-08-09,2020-08-15,Dammam,3077000,366419000,119.083197920052
2020-08-09,2020-08-15,Hail,1098000,107744000,98.12750455373406
2020-08-09,2020-08-15,Jeddah,8404000,1126343000,134.02463112803426
2020-08-09,2020-08-15,Khobar,1808000,252243000,139.51493362831857
2020-08-09,2020-08-15,Madinah,2681000,240098000,89.55538977993287
2020-08-09,2020-08-15,Makkah,2005000,184146000,91.843391521197
2020-08-09,2020-08-15,Riyadh,17571000,2090226000,118.9588526549428
2020-08-09,2020-08-15,Tabuk,1179000,108544000,92.06446140797286
2020-08-16,2020-08-22,Abha,1230000,124548000,101.25853658536586
2020-08-16,2020-08-22,Buraidah,1778000,177527000,99.84645669291339
2020-08-16,2020-08-22,Dammam,3020000,367118000,121.56225165562914
2020-08-16,2020-08-22,Hail,1030000,102411000,99.42815533980583
2020-08-16,2020-08-22,Jeddah,8112000,1108375000,136.63399901380672
2020-08-16,2020-08-22,Khobar,1793000,262626000,146.47295036252092
2020-08-16,2020-08-22,Madinah,2536000,233628000,92.12460567823344
2020-08-16,2020-08-22,Makkah,1912000,179225000,93.73692468619247
2020-08-16,2020-08-22,Riyadh,17470000,2121295000,121.42501431024614
2020-08-16,2020-08-22,Tabuk,1128000,105691000,93.697695035461
2020-08-23,2020-08-29,Abha,1254000,141710000,113.00637958532695
2020-08-23,2020-08-29,Buraidah,1944000,209101000,107.5622427983539
2020-08-23,2020-08-29,Dammam,3373000,468948000,139.02994367032315
2020-08-23,2020-08-29,Hail,1198000,135962000,113.49081803005008
2020-08-23,2020-08-29,Jeddah,8945000,1394816000,155.93247624371156
2020-08-23,2020-08-29,Khobar,1954000,347780000,177.98362333674513
2020-08-23,2020-08-29,Madinah,2833000,308675000,108.9569361101306
2020-08-23,2020-08-29,Makkah,2181000,240004000,110.0430994956442
2020-08-23,2020-08-29,Riyadh,19524000,2816965000,144.2821655398484
2020-08-23,2020-08-29,Tabuk,1372000,159928000,116.56559766763849
2020-08-30,2020-09-05,Abha,1241000,135391000,109.0983078162772
2020-08-30,2020-09-05,Buraidah,2057000,218578000,106.26057365094798
2020-08-30,2020-09-05,Dammam,3723000,479555000,128.80875637926403
2020-08-30,2020-09-05,Hail,1265000,134578000,106.38577075098814
2020-08-30,2020-09-05,Jeddah,9617000,1400761000,145.65467401476553
2020-08-30,2020-09-05,Khobar,2102000,325048000,154.63748810656517
2020-08-30,2020-09-05,Madinah,3056000,314257000,102.83278795811518
2020-08-30,2020-09-05,Makkah,2366000,238978000,101.0050718512257
2020-08-30,2020-09-05,Riyadh,20795000,2737090000,131.62250540995433
2020-08-30,2020-09-05,Tabuk,1461000,153921000,105.35318275154005
2020-09-06,2020-09-12,Abha,1143000,114533000,100.20384951881015
2020-09-06,2020-09-12,Buraidah,1979000,195339000,98.70591207680647
2020-09-06,2020-09-12,Dammam,3618000,415068000,114.72305140961858
2020-09-06,2020-09-12,Hail,1197000,116650000,97.45196324143693
2020-09-06,2020-09-12,Jeddah,9202000,1195168000,129.88133014562052
2020-09-06,2020-09-12,Khobar,2021000,275089000,136.11528946066304
2020-09-06,2020-09-12,Madinah,2975000,268323000,90.19260504201681
2020-09-06,2020-09-12,Makkah,2298000,203125000,88.39208006962576
2020-09-06,2020-09-12,Riyadh,20175000,2386541000,118.2919950433705
2020-09-06,2020-09-12,Tabuk,1415000,131585000,92.99293286219081
2020-09-13,2020-09-19,Abha,1061000,103511000,97.55984919886899
2020-09-13,2020-09-19,Buraidah,1904000,181314000,95.2279411764706
2020-09-13,2020-09-19,Dammam,3452000,388790000,112.62746234067207
2020-09-13,2020-09-19,Hail,1132000,109089000,96.36837455830388
2020-09-13,2020-09-19,Jeddah,8903000,1131769000,127.12220599797821
2020-09-13,2020-09-19,Khobar,1943000,266330000,137.07153885743696
2020-09-13,2020-09-19,Madinah,2830000,245939000,86.9042402826855
2020-09-13,2020-09-19,Makkah,2200000,191645000,87.11136363636363
2020-09-13,2020-09-19,Riyadh,19461000,2261451000,116.20425466317249
2020-09-13,2020-09-19,Tabuk,1335000,119693000,89.65767790262173
2020-09-20,2020-09-26,Abha,1147000,117318000,102.28247602441151
2020-09-20,2020-09-26,Buraidah,2013000,204547000,101.61301539990065
2020-09-20,2020-09-26,Dammam,3593000,433927000,120.77010854439187
2020-09-20,2020-09-26,Hail,1186000,121208000,102.19898819561551
2020-09-20,2020-09-26,Jeddah,9468000,1288085000,136.04615547106042
2020-09-20,2020-09-26,Khobar,2123000,312360000,147.13141780499294
2020-09-20,2020-09-26,Madinah,2961000,285117000,96.29078014184397
2020-09-20,2020-09-26,Makkah,2219000,211241000,95.1964849031095
2020-09-20,2020-09-26,Riyadh,20017000,2481447000,123.96697806864165
2020-09-20,2020-09-26,Tabuk,1351000,128695000,95.25906735751295
2020-09-27,2020-10-03,Abha,1236000,139810000,113.11488673139158
2020-09-27,2020-10-03,Buraidah,2220000,234596000,105.67387387387387
2020-09-27,2020-10-03,Dammam,4042000,508563000,125.81964374072241
2020-09-27,2020-10-03,Hail,1401000,151906000,108.42683797287651
2020-09-27,2020-10-03,Jeddah,10330000,1428476000,138.28422071636012
2020-09-27,2020-10-03,Khobar,2204000,334254000,151.6578947368421
2020-09-27,2020-10-03,Madinah,3381000,331473000,98.0399290150843
2020-09-27,2020-10-03,Makkah,2592000,262751000,101.36998456790124
2020-09-27,2020-10-03,Riyadh,22278000,2855006000,128.1536044528234
2020-09-27,2020-10-03,Tabuk,1685000,181001000,107.41899109792286
2020-10-04,2020-10-10,Abha,1134000,112557000,99.25661375661376
2020-10-04,2020-10-10,Buraidah,2057000,196093000,95.32960622265435
2020-10-04,2020-10-10,Dammam,3760000,423256000,112.56808510638298
2020-10-04,2020-10-10,Hail,1248000,118234000,94.73878205128206
2020-10-04,2020-10-10,Jeddah,9790000,1219036000,124.51848825331972
2020-10-04,2020-10-10,Khobar,2126000,281223000,132.27798682972718
2020-10-04,2020-10-10,Madinah,3084000,262644000,85.16342412451363
2020-10-04,2020-10-10,Makkah,2383000,211633000,88.80948384389426
2020-10-04,2020-10-10,Riyadh,21007000,2412653000,114.8499547769791
2020-10-04,2020-10-10,Tabuk,1448000,127538000,88.07872928176796
2020-10-11,2020-10-17,Abha,1094000,99616000,91.05667276051189
2020-10-11,2020-10-17,Buraidah,2012000,186292000,92.59045725646124
2020-10-11,2020-10-17,Dammam,3681000,397107000,107.880195599022
2020-10-11,2020-10-17,Hail,1225000,113671000,92.79265306122448
2020-10-11,2020-10-17,Jeddah,9586000,1123834000,117.2370123096182
2020-10-11,2020-10-17,Khobar,2058000,262736000,127.66569484936832
2020-10-11,2020-10-17,Madinah,3061000,248430000,81.15975171512578
2020-10-11,2020-10-17,Makkah,2378000,195717000,82.30319596299411
2020-10-11,2020-10-17,Riyadh,20395000,2256691000,110.64922775189997
2020-10-11,2020-10-17,Tabuk,1433000,119324000,83.26866713189114
2020-10-18,2020-10-24,Abha,1028000,93686000,91.13424124513618
2020-10-18,2020-10-24,Buraidah,1929000,181097000,93.8812856402281
2020-10-18,2020-10-24,Dammam,3462000,380929000,110.0314846909301
2020-10-18,2020-10-24,Hail,1177000,111259000,94.52761257434155
2020-10-18,2020-10-24,Jeddah,9088000,1089728000,119.90845070422536
2020-10-18,2020-10-24,Khobar,1975000,260668000,131.98379746835442
2020-10-18,2020-10-24,Madinah,2861000,235468000,82.30269136665501
2020-10-18,2020-10-24,Makkah,2247000,186218000,82.87405429461504
2020-10-18,2020-10-24,Riyadh,19566000,2196524000,112.262291730553
2020-10-18,2020-10-24,Tabuk,1321000,115097000,87.12869038607116
2020-10-25,2020-10-31,Abha,1218000,132275000,108.60016420361248
2020-10-25,2020-10-31,Buraidah,2269000,238993000,105.32966064345527
2020-10-25,2020-10-31,Dammam,4114000,516090000,125.44725328147788
2020-10-25,2020-10-31,Hail,1491000,160602000,107.71428571428571
2020-10-25,2020-10-31,Jeddah,10656000,1412709000,132.5740427927928
2020-10-25,2020-10-31,Khobar,2276000,343861000,151.08128295254832
2020-10-25,2020-10-31,Madinah,3482000,332265000,95.42360712234348
2020-10-25,2020-10-31,Makkah,2726000,268008000,98.31548055759355
2020-10-25,2020-10-31,Riyadh,22748000,2907882000,127.8302268331282
2020-10-25,2020-10-31,Tabuk,1727000,179825000,104.12565141864505
2020-11-01,2020-11-07,Abha,1164000,114849000,98.66752577319588
2020-11-01,2020-11-07,Buraidah,2173000,209890000,96.58996778647031
2020-11-01,2020-11-07,Dammam,4026000,473144000,117.52210630899155
2020-11-01,2020-11-07,Hail,1352000,129315000,95.64718934911242
2020-11-01,2020-11-07,Jeddah,10566000,1310023000,123.98476244558016
2020-11-01,2020-11-07,Khobar,2282000,319349000,139.94259421560034
2020-11-01,2020-11-07,Madinah,3317000,285334000,86.02170636116973
2020-11-01,2020-11-07,Makkah,2655000,233870000,88.08662900188324
2020-11-01,2020-11-07,Riyadh,22184000,2604009000,117.3823025604039
2020-11-01,2020-11-07,Tabuk,1552000,144164000,92.88917525773196
2020-11-08,2020-11-14,Abha,1121000,103186000,92.04817127564674
2020-11-08,2020-11-14,Buraidah,2115000,197560000,93.40898345153664
2020-11-08,2020-11-14,Dammam,3898000,434742000,111.52950230887635
2020-11-08,2020-11-14,Hail,1365000,124862000,91.47399267399267
2020-11-08,2020-11-14,Jeddah,10290000,1220976000,118.65655976676385
2020-11-08,2020-11-14,Khobar,2214000,298970000,135.03613369467027
2020-11-08,2020-11-14,Madinah,3255000,266889000,81.99354838709678
2020-11-08,2020-11-14,Makkah,2653000,219517000,82.74293252921221
2020-11-08,2020-11-14,Riyadh,21594000,2438993000,112.94771695841438
2020-11-08,2020-11-14,Tabuk,1526000,133511000,87.4908256880734
2020-11-15,2020-11-21,Abha,1071000,97544000,91.07749766573296
2020-11-15,2020-11-21,Buraidah,2032000,194127000,95.5349409448819
2020-11-15,2020-11-21,Dammam,3713000,414006000,111.501750605979
2020-11-15,2020-11-21,Hail,1270000,121577000,95.72992125984251
2020-11-15,2020-11-21,Jeddah,9864000,1162545000,117.8573600973236
2020-11-15,2020-11-21,Khobar,2136000,288220000,134.93445692883896
2020-11-15,2020-11-21,Madinah,3092000,253642000,82.03169469598966
2020-11-15,2020-11-21,Makkah,2513000,207409000,82.53442101074413
2020-11-15,2020-11-21,Riyadh,20811000,2371005000,113.93037336024219
2020-11-15,2020-11-21,Tabuk,1470000,130713000,88.92040816326531
2020-11-22,2020-11-28,Abha,1179000,120226000,101.97285835453775
2020-11-22,2020-11-28,Buraidah,2182000,216823000,99.36892758936756
2020-11-22,2020-11-28,Dammam,4009000,485163000,121.018458468446
2020-11-22,2020-11-28,Hail,1450000,154647000,106.65310344827586
2020-11-22,2020-11-28,Jeddah,10730000,1359787000,126.72758620689655
2020-11-22,2020-11-28,Khobar,2292000,329427000,143.72905759162305
2020-11-22,2020-11-28,Madinah,3397000,316801000,93.25905210479836
2020-11-22,2020-11-28,Makkah,2784000,258208000,92.74712643678161
2020-11-22,2020-11-28,Riyadh,22446000,2763045000,123.09743384121893
2020-11-22,2020-11-28,Tabuk,1664000,170732000,102.60336538461539
2020-11-29,2020-12-05,Abha,1215000,122080000,100.47736625514403
2020-11-29,2020-12-05,Buraidah,2327000,232111000,99.74688440051568
2020-11-29,2020-12-05,Dammam,4209000,499874000,118.76312663340461
2020-11-29,2020-12-05,Hail,1479000,150161000,101.52873563218391
2020-11-29,2020-12-05,Jeddah,11434000,1460735000,127.75362952597516
2020-11-29,2020-12-05,Khobar,2411000,341008000,141.43840729987556
2020-11-29,2020-12-05,Madinah,3557000,327289000,92.01265111048636
2020-11-29,2020-12-05,Makkah,2939000,269607000,91.73426335488261
2020-11-29,2020-12-05,Riyadh,23933000,2938474000,122.77917519742614
2020-11-29,2020-12-05,Tabuk,1674000,165889000,99.0973715651135
2020-12-06,2020-12-12,Abha,1124000,103142000,91.76334519572954
2020-12-06,2020-12-12,Buraidah,2198000,213024000,96.9171974522293
2020-12-06,2020-12-12,Dammam,4048000,462727000,114.31002964426878
2020-12-06,2020-12-12,Hail,1353000,129532000,95.73688100517369
2020-12-06,2020-12-12,Jeddah,10938000,1299914000,118.84384713841654
2020-12-06,2020-12-12,Khobar,2260000,299274000,132.42212389380532
2020-12-06,2020-12-12,Madinah,3393000,285024000,84.00353669319186
2020-12-06,2020-12-12,Makkah,2841000,236130000,83.11510031678986
2020-12-06,2020-12-12,Riyadh,22399000,2611556000,116.59252645207376
2020-12-06,2020-12-12,Tabuk,1583000,136575000,86.27605811749842
2020-12-13,2020-12-19,Abha,1054000,96868000,91.90512333965845
2020-12-13,2020-12-19,Buraidah,2086000,195189000,93.57094918504315
2020-12-13,2020-12-19,Dammam,3812000,426371000,111.849685204617
2020-12-13,2020-12-19,Hail,1292000,120772000,93.47678018575851
2020-12-13,2020-12-19,Jeddah,10522000,1230734000,116.96768675156814
2020-12-13,2020-12-19,Khobar,2135000,282125000,132.14285714285714
2020-12-13,2020-12-19,Madinah,3233000,266202000,82.33900402103309
2020-12-13,2020-12-19,Makkah,2726000,223543000,82.00403521643433
2020-12-13,2020-12-19,Riyadh,21569000,2464733000,114.27201075617785
2020-12-13,2020-12-19,Tabuk,1480000,124486000,84.11216216216216
2020-12-20,2020-12-26,Abha,1064000,97868000,91.9812030075188
2020-12-20,2020-12-26,Buraidah,2068000,200603000,97.00338491295938
2020-12-20,2020-12-26,Dammam,3759000,436200000,116.04150039904229
2020-12-20,2020-12-26,Hail,1265000,118955000,94.03557312252964
2020-12-20,2020-12-26,Jeddah,10392000,1253200000,120.5927636643572
2020-12-20,2020-12-26,Khobar,2108000,286353000,135.8410815939279
2020-12-20,2020-12-26,Madinah,3205000,266194000,83.05585023400936
2020-12-20,2020-12-26,Makkah,2653000,218771000,82.46174142480211
2020-12-20,2020-12-26,Riyadh,21351000,2513065000,117.70244953397967
2020-12-20,2020-12-26,Tabuk,1441000,124827000,86.62526023594725
2020-12-27,2021-01-02,Abha,1249000,132797000,106.3226581265012
2020-12-27,2021-01-02,Buraidah,2582000,279167000,108.12044926413633
2020-12-27,2021-01-02,Dammam,4639000,607122000,130.8734641086441
2020-12-27,2021-01-02,Hail,1765000,185617000,105.16543909348442
2020-12-27,2021-01-02,Jeddah,13219000,1757351000,132.94129661850366
2020-12-27,2021-01-02,Khobar,2567000,400574000,156.04752629528633
2020-12-27,2021-01-02,Madinah,4150000,405958000,97.82120481927711
2020-12-27,2021-01-02,Makkah,3476000,339811000,97.75920598388953
2020-12-27,2021-01-02,Riyadh,25968000,3389615000,130.5304605668515
2020-12-27,2021-01-02,Tabuk,1892000,196718000,103.97357293868922
2021-01-03,2021-01-09,Abha,1028000,94412000,91.84046692607004
2021-01-03,2021-01-09,Buraidah,2323000,216659000,93.26689625484288
2021-01-03,2021-01-09,Dammam,4152000,475327000,114.48145472061657
2021-01-03,2021-01-09,Hail,1461000,135543000,92.7741273100616
2021-01-03,2021-01-09,Jeddah,12606000,1542599000,122.37022052990639
2021-01-03,2021-01-09,Khobar,2475000,342950000,138.56565656565655
2021-01-03,2021-01-09,Madinah,3740000,327961000,87.69010695187166
2021-01-03,2021-01-09,Makkah,3149000,267391000,84.91298825023817
2021-01-03,2021-01-09,Riyadh,23332000,2673901000,114.60230584604835
2021-01-03,2021-01-09,Tabuk,1481000,127802000,86.29439567859555
2021-01-10,2021-01-16,Abha,1011000,88650000,87.68545994065282
2021-01-10,2021-01-16,Buraidah,2287000,209997000,91.82203760384783
2021-01-10,2021-01-16,Dammam,4079000,459739000,112.70875214513362
2021-01-10,2021-01-16,Hail,1470000,132196000,89.92925170068027
2021-01-10,2021-01-16,Jeddah,12354000,1437495000,116.35866925692083
2021-01-10,2021-01-16,Khobar,2375000,317989000,133.8901052631579
2021-01-10,2021-01-16,Madinah,3742000,314247000,83.97835382148584
2021-01-10,2021-01-16,Makkah,3246000,259699000,80.00585335797905
2021-01-10,2021-01-16,Riyadh,22874000,2587717000,113.12918597534319
2021-01-10,2021-01-16,Tabuk,1502000,124825000,83.10585885486019
2021-01-17,2021-01-23,Abha,1019000,91594000,89.88616290480864
2021-01-17,2021-01-23,Buraidah,2019000,195754000,96.95591877166915
2021-01-17,2021-01-23,Dammam,3750000,439707000,117.2552
2021-01-17,2021-01-23,Hail,1236000,115711000,93.61731391585761
2021-01-17,2021-01-23,Jeddah,10810000,1281156000,118.51581868640147
2021-01-17,2021-01-23,Khobar,2121000,284218000,134.001885902876
2021-01-17,2021-01-23,Madinah,3238000,276959000,85.53397158739963
2021-01-17,2021-01-23,Makkah,2834000,227878000,80.40860973888496
2021-01-17,2021-01-23,Riyadh,21106000,2475003000,117.26537477494551
2021-01-17,2021-01-23,Tabuk,1385000,119311000,86.14512635379062
2021-01-24,2021-01-30,Abha,1227000,120454000,98.16951915240423
2021-01-24,2021-01-30,Buraidah,2367000,238932000,100.94296577946768
2021-01-24,2021-01-30,Dammam,4307000,504598000,117.15765033666125
2021-01-24,2021-01-30,Hail,1590000,160719000,101.0811320754717
2021-01-24,2021-01-30,Jeddah,12209000,1489774000,122.02260627406012
2021-01-24,2021-01-30,Khobar,2368000,328261000,138.6237331081081
2021-01-24,2021-01-30,Madinah,3857000,351031000,91.01140782991963
2021-01-24,2021-01-30,Makkah,3332000,297981000,89.43007202881152
2021-01-24,2021-01-30,Riyadh,24228000,2930775000,120.9664437840515
2021-01-24,2021-01-30,Tabuk,1805000,177712000,98.45540166204987
2021-01-31,2021-02-06,Abha,1195000,108752000,91.00585774058577
2021-01-31,2021-02-06,Buraidah,2292000,215345000,93.95506108202443
2021-01-31,2021-02-06,Dammam,4236000,483887000,114.23205854579793
2021-01-31,2021-02-06,Hail,1502000,138197000,92.008655126498
2021-01-31,2021-02-06,Jeddah,12144000,1434289000,118.10680171277997
2021-01-31,2021-02-06,Khobar,2275000,302971000,133.17406593406594
2021-01-31,2021-02-06,Madinah,3818000,319691000,83.73258250392875
2021-01-31,2021-02-06,Makkah,3331000,278025000,83.46592614830381
2021-01-31,2021-02-06,Riyadh,23710000,2725903000,114.96849430619991
2021-01-31,2021-02-06,Tabuk,1710000,143951000,84.18187134502924
2021-02-07,2021-02-13,Abha,1108000,94614000,85.39169675090253
2021-02-07,2021-02-13,Buraidah,2204000,199716000,90.61524500907441
2021-02-07,2021-02-13,Dammam,4034000,433827000,107.5426375805652
2021-02-07,2021-02-13,Hail,1429000,128446000,89.8852344296711
2021-02-07,2021-02-13,Jeddah,11172000,1244339000,111.38014679556034
2021-02-07,2021-02-13,Khobar,2045000,258422000,126.36772616136919
2021-02-07,2021-02-13,Madinah,3622000,280975000,77.5745444505798
2021-02-07,2021-02-13,Makkah,3218000,249105000,77.40988191423244
2021-02-07,2021-02-13,Riyadh,22039000,2417377000,109.68632878079768
2021-02-07,2021-02-13,Tabuk,1633000,133123000,81.52051439069197
2021-02-14,2021-02-20,Abha,1082000,91589000,84.64787430683919
2021-02-14,2021-02-20,Buraidah,2125000,191101000,89.92988235294118
2021-02-14,2021-02-20,Dammam,3861000,408570000,105.81973581973583
2021-02-14,2021-02-20,Hail,1361000,123649000,90.85157972079354
2021-02-14,2021-02-20,Jeddah,10695000,1173176000,109.69387564282376
2021-02-14,2021-02-20,Khobar,2017000,248689000,123.29647992067427
2021-02-14,2021-02-20,Madinah,3432000,265966000,77.49592074592074
2021-02-14,2021-02-20,Makkah,3082000,234962000,76.23685918234912
2021-02-14,2021-02-20,Riyadh,21386000,2255027000,105.44407556345273
2021-02-14,2021-02-20,Tabuk,1531000,124374000,81.23709993468321
2021-02-21,2021-02-27,Abha,1093000,93918000,85.92680695333944
2021-02-21,2021-02-27,Buraidah,2069000,189857000,91.7626872885452
2021-02-21,2021-02-27,Dammam,3843000,422645000,109.97788186312776
2021-02-21,2021-02-27,Hail,1306000,121279000,92.86294027565084
2021-02-21,2021-02-27,Jeddah,10562000,1197955000,113.42122704033326
2021-02-21,2021-02-27,Khobar,2007000,259339000,129.21723966118586
2021-02-21,2021-02-27,Madinah,3344000,265021000,79.2526913875598
2021-02-21,2021-02-27,Makkah,2979000,234277000,78.64283316549178
2021-02-21,2021-02-27,Riyadh,21279000,2328228000,109.41435217820386
2021-02-21,2021-02-27,Tabuk,1484000,125950000,84.87196765498652
2021-02-28,2021-03-06,Abha,1324000,131105000,99.02190332326283
2021-02-28,2021-03-06,Buraidah,2541000,255300000,100.47225501770956
2021-02-28,2021-03-06,Dammam,4622000,543203000,117.52553007356123
2021-02-28,2021-03-06,Hail,1780000,178798000,100.44831460674158
2021-02-28,2021-03-06,Jeddah,12760000,1556134000,121.95407523510971
2021-02-28,2021-03-06,Khobar,2345000,315482000,134.53390191897654
2021-02-28,2021-03-06,Madinah,4188000,377521000,90.14350525310411
2021-02-28,2021-03-06,Makkah,3748000,334761000,89.31723585912486
2021-02-28,2021-03-06,Riyadh,25263000,2998935000,118.7085856786605
2021-02-28,2021-03-06,Tabuk,1982000,196742000,99.26437941473259
2021-03-07,2021-03-13,Abha,1330000,115383000,86.75413533834586
2021-03-07,2021-03-13,Buraidah,2436000,225378000,92.51970443349754
2021-03-07,2021-03-13,Dammam,4348000,463639000,106.63270469181232
2021-03-07,2021-03-13,Hail,1660000,148016000,89.16626506024096
2021-03-07,2021-03-13,Jeddah,12716000,1424004000,111.98521547656496
2021-03-07,2021-03-13,Khobar,2365000,294320000,124.44820295983087
2021-03-07,2021-03-13,Madinah,4005000,323902000,80.87440699126093
2021-03-07,2021-03-13,Makkah,3557000,280736000,78.92493674444756
2021-03-07,2021-03-13,Riyadh,24598000,2678439000,108.88848686885113
2021-03-07,2021-03-13,Tabuk,1855000,153229000,82.60323450134771
2021-03-14,2021-03-20,Abha,1305000,111458000,85.40842911877395
2021-03-14,2021-03-20,Buraidah,2406000,224828000,93.44472152950956
2021-03-14,2021-03-20,Dammam,4318000,462503000,107.11046780917091
2021-03-14,2021-03-20,Hail,1599000,144263000,90.22076297686054
2021-03-14,2021-03-20,Jeddah,12341000,1394742000,113.01693541852362
2021-03-14,2021-03-20,Khobar,2388000,305270000,127.83500837520938
2021-03-14,2021-03-20,Madinah,3846000,311755000,81.05954238169527
2021-03-14,2021-03-20,Makkah,3385000,267621000,79.06085672082718
2021-03-14,2021-03-20,Riyadh,24533000,2700881000,110.09175396404842
2021-03-14,2021-03-20,Tabuk,1758000,144110000,81.97383390216154
2021-03-21,2021-03-27,Abha,1334000,118935000,89.15667166416792
2021-03-21,2021-03-27,Buraidah,2433000,234710000,96.46937936703658
2021-03-21,2021-03-27,Dammam,4377000,489749000,111.89147818140279
2021-03-21,2021-03-27,Hail,1556000,145770000,93.68251928020565
2021-03-21,2021-03-27,Jeddah,12305000,1438258000,116.88403088175538
2021-03-21,2021-03-27,Khobar,2427000,311294000,128.26287597857439
2021-03-21,2021-03-27,Madinah,3895000,322160000,82.71116816431322
2021-03-21,2021-03-27,Makkah,3330000,276614000,83.06726726726727
2021-03-21,2021-03-27,Riyadh,24928000,2825880000,113.36168164313221
2021-03-21,2021-03-27,Tabuk,1750000,149980000,85.70285714285714
2021-03-28,2021-04-03,Abha,1567000,160429000,102.37970644543714
2021-03-28,2021-04-03,Buraidah,2775000,287580000,103.63243243243244
2021-03-28,2021-04-03,Dammam,5066000,613007000,121.00414528227398
2021-03-28,2021-04-03,Hail,1934000,201039000,103.94984488107549
2021-03-28,2021-04-03,Jeddah,14667000,1858848000,126.73675598281858
2021-03-28,2021-04-03,Khobar,2742000,393912000,143.6586433260394
2021-03-28,2021-04-03,Madinah,4589000,427326000,93.11963390716932
2021-03-28,2021-04-03,Makkah,4012000,377813000,94.17073778664007
2021-03-28,2021-04-03,Riyadh,28548000,3459379000,121.17763065713885
2021-03-28,2021-04-03,Tabuk,2221000,217825000,98.07519135524538
2021-04-04,2021-04-10,Abha,1476000,139430000,94.46476964769647
2021-04-04,2021-04-10,Buraidah,2643000,256216000,96.94135452137722
2021-04-04,2021-04-10,Dammam,4864000,556563000,114.42495888157895
2021-04-04,2021-04-10,Hail,1716000,161952000,94.37762237762237
2021-04-04,2021-04-10,Jeddah,14058000,1695883000,120.63472755726276
2021-04-04,2021-04-10,Khobar,2667000,354150000,132.7896512935883
2021-04-04,2021-04-10,Madinah,4252000,363518000,85.4934148635936
2021-04-04,2021-04-10,Makkah,3782000,330513000,87.39106292966684
2021-04-04,2021-04-10,Riyadh,27393000,3136181000,114.48840944766911
2021-04-04,2021-04-10,Tabuk,1968000,173083000,87.94867886178862
2021-04-11,2021-04-17,Abha,1208000,107000000,88.57615894039735
2021-04-11,2021-04-17,Buraidah,2256000,211830000,93.89627659574468
2021-04-11,2021-04-17,Dammam,4057000,456791000,112.5932955385753
2021-04-11,2021-04-17,Hail,1485000,138107000,93.0013468013468
2021-04-11,2021-04-17,Jeddah,11420000,1307330000,114.47723292469352
2021-04-11,2021-04-17,Khobar,2016000,258369000,128.1592261904762
2021-04-11,2021-04-17,Madinah,3697000,297906000,80.5804706518799
2021-04-11,2021-04-17,Makkah,3403000,297089000,87.30208639435791
2021-04-11,2021-04-17,Riyadh,22740000,2532052000,111.34793315743184
2021-04-11,2021-04-17,Tabuk,1724000,145634000,84.47447795823666
2021-04-18,2021-04-24,Abha,1116000,96892000,86.82078853046595
2021-04-18,2021-04-24,Buraidah,1979000,184611000,93.28499242041435
2021-04-18,2021-04-24,Dammam,3588000,413321000,115.1953734671126
2021-04-18,2021-04-24,Hail,1310000,122359000,93.40381679389313
2021-04-18,2021-04-24,Jeddah,10409000,1215985000,116.8205399173792
2021-04-18,2021-04-24,Khobar,1828000,244967000,134.0082056892779
2021-04-18,2021-04-24,Madinah,3256000,260128000,79.89189189189189
2021-04-18,2021-04-24,Makkah,3057000,288730000,94.44880601897285
2021-04-18,2021-04-24,Riyadh,20189000,2298563000,113.85224627272277
2021-04-18,2021-04-24,Tabuk,1522000,125015000,82.13863337713535
2021-04-25,2021-05-01,Abha,1450000,152086000,104.88689655172413
2021-04-25,2021-05-01,Buraidah,2485000,265431000,106.81327967806841
2021-04-25,2021-05-01,Dammam,4429000,568069000,128.26123278392413
2021-04-25,2021-05-01,Hail,1796000,189689000,105.6174832962138
2021-04-25,2021-05-01,Jeddah,13305000,1766971000,132.80503570086432
2021-04-25,2021-05-01,Khobar,2189000,330554000,151.00685244403837
2021-04-25,2021-05-01,Madinah,4301000,427430000,99.37921413624738
2021-04-25,2021-05-01,Makkah,4033000,459260000,113.87552690304985
2021-04-25,2021-05-01,Riyadh,24663000,3169823000,128.5254429712525
2021-04-25,2021-05-01,Tabuk,2061000,212474000,103.09267345948568
2021-05-02,2021-05-08,Abha,1510000,155333000,102.86953642384105
2021-05-02,2021-05-08,Buraidah,2541000,267676000,105.34277843368753
2021-05-02,2021-05-08,Dammam,4503000,566564000,125.8192316233622
2021-05-02,2021-05-08,Hail,1776000,178313000,100.40146396396396
2021-05-02,2021-05-08,Jeddah,14119000,1882223000,133.31135349529004
2021-05-02,2021-05-08,Khobar,2255000,344087000,152.58847006651885
2021-05-02,2021-05-08,Madinah,4556000,447365000,98.19249341527656
2021-05-02,2021-05-08,Makkah,4391000,534251000,121.6695513550444
2021-05-02,2021-05-08,Riyadh,24922000,3213732000,128.95160902014285
2021-05-02,2021-05-08,Tabuk,1962000,189308000,96.48725790010194
2021-05-09,2021-05-15,Abha,1448000,125468000,86.64917127071823
2021-05-09,2021-05-15,Buraidah,2544000,213280000,83.83647798742139
2021-05-09,2021-05-15,Dammam,4073000,424415000,104.20206236189541
2021-05-09,2021-05-15,Hail,1793000,148488000,82.81539319576129
2021-05-09,2021-05-15,Jeddah,12787000,1413593000,110.54922968640025
2021-05-09,2021-05-15,Khobar,2228000,297279000,133.4286355475763
2021-05-09,2021-05-15,Madinah,4541000,375208000,82.62673419951552
2021-05-09,2021-05-15,Makkah,4059000,391185000,96.37472283813747
2021-05-09,2021-05-15,Riyadh,22333000,2387652000,106.91138673711548
2021-05-09,2021-05-15,Tabuk,1721000,136674000,79.41545613015688
2021-05-16,2021-05-22,Abha,1497000,114723000,76.63527054108216
2021-05-16,2021-05-22,Buraidah,2347000,190317000,81.08947592671495
2021-05-16,2021-05-22,Dammam,3829000,373853000,97.63724209976495
2021-05-16,2021-05-22,Hail,1540000,119323000,77.48246753246754
2021-05-16,2021-05-22,Jeddah,11618000,1147789000,98.79402651058702
2021-05-16,2021-05-22,Khobar,2318000,270560000,116.72131147540983
2021-05-16,2021-05-22,Madinah,3696000,254917000,68.97104978354979
2021-05-16,2021-05-22,Makkah,3033000,206555000,68.10253874052094
2021-05-16,2021-05-22,Riyadh,22007000,2109702000,95.86504294088245
2021-05-16,2021-05-22,Tabuk,1577000,117033000,74.21242866201649
2021-05-23,2021-05-29,Abha,1824000,157942000,86.59100877192982
2021-05-23,2021-05-29,Buraidah,2606000,231331000,88.76861089792786
2021-05-23,2021-05-29,Dammam,4538000,482968000,106.42750110180697
2021-05-23,2021-05-29,Hail,1842000,160677000,87.22964169381108
2021-05-23,2021-05-29,Jeddah,13424000,1439234000,107.21349821215733
2021-05-23,2021-05-29,Khobar,2561000,322058000,125.75478328777821
2021-05-23,2021-05-29,Madinah,4337000,330116000,76.11620936130966
2021-05-23,2021-05-29,Makkah,3639000,280590000,77.10634789777411
2021-05-23,2021-05-29,Riyadh,26328000,2768077000,105.1381419021574
2021-05-23,2021-05-29,Tabuk,2037000,171853000,84.36573392243496
2021-05-30,2021-06-05,Abha,2024000,172205000,85.08152173913044
2021-05-30,2021-06-05,Buraidah,2718000,235880000,86.78440029433406
2021-05-30,2021-06-05,Dammam,4887000,510441000,104.4487415592388
2021-05-30,2021-06-05,Hail,1916000,159940000,83.47599164926932
2021-05-30,2021-06-05,Jeddah,14512000,1532398000,105.5952315325248
2021-05-30,2021-06-05,Khobar,2762000,343430000,124.34105720492397
2021-05-30,2021-06-05,Madinah,4570000,344549000,75.39365426695842
2021-05-30,2021-06-05,Makkah,3932000,292105000,74.28916581892167
2021-05-30,2021-06-05,Riyadh,28048000,2915268000,103.93853394181403
2021-05-30,2021-06-05,Tabuk,2126000,169473000,79.71448730009408
2021-06-06,2021-06-12,Abha,2039000,165556000,81.19470328592448
2021-06-06,2021-06-12,Buraidah,2645000,222669000,84.18487712665406
2021-06-06,2021-06-12,Dammam,4715000,468689000,99.40381760339342
2021-06-06,2021-06-12,Hail,1858000,148881000,80.1297093649085
2021-06-06,2021-06-12,Jeddah,14144000,1426372000,100.84643665158372
2021-06-06,2021-06-12,Khobar,2603000,309513000,118.90626200537841
2021-06-06,2021-06-12,Madinah,4472000,319759000,71.50245974955277
2021-06-06,2021-06-12,Makkah,3910000,274494000,70.20306905370845
2021-06-06,2021-06-12,Riyadh,27311000,2732814000,100.06275859543774
2021-06-06,2021-06-12,Tabuk,2099000,157675000,75.11910433539781
2021-06-13,2021-06-19,Abha,2011000,163289000,81.19791148682248
2021-06-13,2021-06-19,Buraidah,2508000,209387000,83.48763955342903
2021-06-13,2021-06-19,Dammam,4405000,434830000,98.71282633371169
2021-06-13,2021-06-19,Hail,1711000,135462000,79.17124488603156
2021-06-13,2021-06-19,Jeddah,13445000,1355000000,100.78095946448494
2021-06-13,2021-06-19,Khobar,2401000,285693000,118.98917117867555
2021-06-13,2021-06-19,Madinah,4153000,292455000,70.42017818444498
2021-06-13,2021-06-19,Makkah,3659000,253226000,69.20634053019951
2021-06-13,2021-06-19,Riyadh,26034000,2580956000,99.13789659675808
2021-06-13,2021-06-19,Tabuk,1932000,141014000,72.98861283643892
2021-06-20,2021-06-26,Abha,2004000,163036000,81.35528942115768
2021-06-20,2021-06-26,Buraidah,2516000,210476000,83.65500794912559
2021-06-20,2021-06-26,Dammam,4390000,441126000,100.48428246013667
2021-06-20,2021-06-26,Hail,1707000,136240000,79.81253661394258
2021-06-20,2021-06-26,Jeddah,13254000,1356134000,102.31884714048589
2021-06-20,2021-06-26,Khobar,2425000,292242000,120.5121649484536
2021-06-20,2021-06-26,Madinah,4055000,291334000,71.84562268803946
2021-06-20,2021-06-26,Makkah,3583000,249186000,69.54674853474742
2021-06-20,2021-06-26,Riyadh,25978000,2602929000,100.19743629224729
2021-06-20,2021-06-26,Tabuk,1885000,142246000,75.46206896551725
2021-06-27,2021-07-03,Abha,2384000,211463000,88.70092281879195
2021-06-27,2021-07-03,Buraidah,2899000,260528000,89.86823042428423
2021-06-27,2021-07-03,Dammam,5074000,551251000,108.64229404808829
2021-06-27,2021-07-03,Hail,2188000,190614000,87.11791590493601
2021-06-27,2021-07-03,Jeddah,15609000,1699371000,108.87122813761292
2021-06-27,2021-07-03,Khobar,2741000,353087000,128.8168551623495
2021-06-27,2021-07-03,Madinah,4921000,393341000,79.9311115626905
2021-06-27,2021-07-03,Makkah,4326000,338786000,78.31391585760518
2021-06-27,2021-07-03,Riyadh,29840000,3208795000,107.53334450402144
2021-06-27,2021-07-03,Tabuk,2417000,207194000,85.72362432767893
2021-07-04,2021-07-10,Abha,2262000,186969000,82.65649867374005
2021-07-04,2021-07-10,Buraidah,2726000,229749000,84.2806309611152
2021-07-04,2021-07-10,Dammam,4754000,487069000,102.45456457719816
2021-07-04,2021-07-10,Hail,1939000,154118000,79.48323878287778
2021-07-04,2021-07-10,Jeddah,14954000,1527437000,102.14236993446569
2021-07-04,2021-07-10,Khobar,2625000,317874000,121.09485714285714
2021-07-04,2021-07-10,Madinah,4581000,332526000,72.58808120497707
2021-07-04,2021-07-10,Makkah,4056000,274617000,67.70636094674556
2021-07-04,2021-07-10,Riyadh,28353000,2900510000,102.2999329876909
2021-07-04,2021-07-10,Tabuk,2154000,162590000,75.4828226555246
2021-07-11,2021-07-17,Abha,2256000,191046000,84.68351063829788
2021-07-11,2021-07-17,Buraidah,2887000,245262000,84.95393141669553
2021-07-11,2021-07-17,Dammam,4678000,486430000,103.98247114151347
2021-07-11,2021-07-17,Hail,2111000,170490000,80.76267171956418
2021-07-11,2021-07-17,Jeddah,14734000,1492539000,101.29896837247183
2021-07-11,2021-07-17,Khobar,2516000,307354000,122.15977742448331
2021-07-11,2021-07-17,Madinah,4846000,356843000,73.63660751134957
2021-07-11,2021-07-17,Makkah,4143000,268030000,64.69466570118271
2021-07-11,2021-07-17,Riyadh,27704000,2855604000,103.07551256136298
2021-07-11,2021-07-17,Tabuk,2191000,169112000,77.18484710178001
2021-07-18,2021-07-24,Abha,1857000,140315000,75.56004308023694
2021-07-18,2021-07-24,Buraidah,2428000,160822000,66.23640856672158
2021-07-18,2021-07-24,Dammam,3469000,285325000,82.24992793312194
2021-07-18,2021-07-24,Hail,1685000,110119000,65.35252225519288
2021-07-18,2021-07-24,Jeddah,11127000,898075000,80.71133279410444
2021-07-18,2021-07-24,Khobar,2010000,208189000,103.57661691542289
2021-07-18,2021-07-24,Madinah,4015000,246107000,61.29688667496887
2021-07-18,2021-07-24,Makkah,3305000,182765000,55.299546142208776
2021-07-18,2021-07-24,Riyadh,20348000,1669265000,82.03582661686653
2021-07-18,2021-07-24,Tabuk,1525000,94373000,61.88393442622951
2021-07-25,2021-07-31,Abha,2421000,209130000,86.38166047087981
2021-07-25,2021-07-31,Buraidah,2847000,244250000,85.79206181945908
2021-07-25,2021-07-31,Dammam,4468000,468123000,104.77238137869293
2021-07-25,2021-07-31,Hail,2154000,174178000,80.86258124419685
2021-07-25,2021-07-31,Jeddah,14560000,1506003000,103.43427197802198
2021-07-25,2021-07-31,Khobar,2453000,298428000,121.65837749694252
2021-07-25,2021-07-31,Madinah,4835000,360753000,74.61282316442606
2021-07-25,2021-07-31,Makkah,4088000,301464000,73.7436399217221
2021-07-25,2021-07-31,Riyadh,27329000,2793053000,102.20106846207325
2021-07-25,2021-07-31,Tabuk,2205000,179219000,81.27845804988662
2021-08-01,2021-08-07,Abha,2453000,200696000,81.81655116184264
2021-08-01,2021-08-07,Buraidah,2707000,219387000,81.04432951606945
2021-08-01,2021-08-07,Dammam,4633000,457846000,98.82279300669113
2021-08-01,2021-08-07,Hail,1945000,144606000,74.34755784061697
2021-08-01,2021-08-07,Jeddah,14805000,1452643000,98.11840594393786
2021-08-01,2021-08-07,Khobar,2568000,294511000,114.68496884735202
2021-08-01,2021-08-07,Madinah,4662000,325943000,69.91484341484342
2021-08-01,2021-08-07,Makkah,4138000,281078000,67.92605123247945
2021-08-01,2021-08-07,Riyadh,27873000,2688947000,96.47138808165609
2021-08-01,2021-08-07,Tabuk,2179000,156897000,72.00413033501606
2021-08-08,2021-08-14,Abha,2291000,179111000,78.18027062418157
2021-08-08,2021-08-14,Buraidah,2640000,214288000,81.16969696969697
2021-08-08,2021-08-14,Dammam,4575000,438477000,95.84196721311476
2021-08-08,2021-08-14,Hail,1911000,139493000,72.99476713762428
2021-08-08,2021-08-14,Jeddah,14711000,1410212000,95.86105635238937
2021-08-08,2021-08-14,Khobar,2509000,277672000,110.67038660821044
2021-08-08,2021-08-14,Madinah,4704000,322191000,68.49298469387755
2021-08-08,2021-08-14,Makkah,4266000,288116000,67.53774027191749
2021-08-08,2021-08-14,Riyadh,27699000,2627460000,94.85757608577927
2021-08-08,2021-08-14,Tabuk,2218000,153366000,69.14607754733994
2021-08-15,2021-08-21,Abha,1989000,153471000,77.15987933634993
2021-08-15,2021-08-21,Buraidah,2517000,199705000,79.3424711958681
2021-08-15,2021-08-21,Dammam,4354000,408383000,93.79490124023886
2021-08-15,2021-08-21,Hail,1718000,123519000,71.89697322467985
2021-08-15,2021-08-21,Jeddah,13801000,1314380000,95.23802622998333
2021-08-15,2021-08-21,Khobar,2397000,272286000,113.5944931163955
2021-08-15,2021-08-21,Madinah,4328000,285058000,65.86367837338263
2021-08-15,2021-08-21,Makkah,3941000,265324000,67.32402943415377
2021-08-15,2021-08-21,Riyadh,26474000,2516385000,95.05118229206013
2021-08-15,2021-08-21,Tabuk,2036000,138599000,68.07416502946955
2021-08-22,2021-08-28,Abha,2049000,174113000,84.97462176671547
2021-08-22,2021-08-28,Buraidah,2871000,251843000,87.71960989202368
2021-08-22,2021-08-28,Dammam,5062000,555802000,109.79889371789807
2021-08-22,2021-08-28,Hail,2096000,170800000,81.4885496183206
2021-08-22,2021-08-28,Jeddah,15282000,1648035000,107.84157832744405
2021-08-22,2021-08-28,Khobar,2692000,352381000,130.89933135215452
2021-08-22,2021-08-28,Madinah,4923000,387014000,78.6134470851107
2021-08-22,2021-08-28,Makkah,4473000,346496000,77.46389447797898
2021-08-22,2021-08-28,Riyadh,29664000,3268995000,110.20074838187702
2021-08-22,2021-08-28,Tabuk,2485000,204273000,82.20241448692153
2021-08-29,2021-09-04,Abha,1925000,155275000,80.66233766233766
2021-08-29,2021-09-04,Buraidah,2900000,247538000,85.35793103448276
2021-08-29,2021-09-04,Dammam,5222000,548370000,105.01148985063195
2021-08-29,2021-09-04,Hail,2090000,162690000,77.84210526315789
2021-08-29,2021-09-04,Jeddah,15614000,1620070000,103.75752529780966
2021-08-29,2021-09-04,Khobar,2786000,343680000,123.35965541995692
2021-08-29,2021-09-04,Madinah,4946000,369231000,74.65244642135059
2021-08-29,2021-09-04,Makkah,4576000,331555000,72.45520104895105
2021-08-29,2021-09-04,Riyadh,30720000,3242158000,105.53899739583333
2021-08-29,2021-09-04,Tabuk,2534000,196808000,77.66692975532754
2021-09-05,2021-09-11,Abha,1856000,135983000,73.26670258620689
2021-09-05,2021-09-11,Buraidah,2848000,228164000,80.11376404494382
2021-09-05,2021-09-11,Dammam,5066000,478246000,94.40307935254638
2021-09-05,2021-09-11,Hail,2072000,150306000,72.5415057915058
2021-09-05,2021-09-11,Jeddah,15170000,1406790000,92.7350032959789
2021-09-05,2021-09-11,Khobar,2730000,297374000,108.92820512820512
2021-09-05,2021-09-11,Madinah,4854000,327612000,67.49320148331273
2021-09-05,2021-09-11,Makkah,4492000,291751000,64.94902048085486
2021-09-05,2021-09-11,Riyadh,30070000,2849098000,94.7488526770868
2021-09-05,2021-09-11,Tabuk,2458000,169428000,68.92921074043939
2021-09-12,2021-09-18,Abha,1757000,124192000,70.68412066021628
2021-09-12,2021-09-18,Buraidah,2696000,211406000,78.41468842729971
2021-09-12,2021-09-18,Dammam,4852000,450893000,92.92930750206101
2021-09-12,2021-09-18,Hail,1904000,133643000,70.1906512605042
2021-09-12,2021-09-18,Jeddah,14529000,1335584000,91.92539059811412
2021-09-12,2021-09-18,Khobar,2635000,283639000,107.64288425047438
2021-09-12,2021-09-18,Madinah,4550000,296552000,65.17626373626373
2021-09-12,2021-09-18,Makkah,4245000,270398000,63.6979976442874
2021-09-12,2021-09-18,Riyadh,28937000,2684927000,92.78525762864153
2021-09-12,2021-09-18,Tabuk,2296000,152466000,66.40505226480836
2021-09-19,2021-09-25,Abha,1770000,129860000,73.36723163841808
2021-09-19,2021-09-25,Buraidah,2748000,231291000,84.16703056768559
2021-09-19,2021-09-25,Dammam,4827000,470340000,97.43940335612182
2021-09-19,2021-09-25,Hail,1927000,139858000,72.57810067462377
2021-09-19,2021-09-25,Jeddah,14707000,1434275000,97.52328823009451
2021-09-19,2021-09-25,Khobar,2732000,315664000,115.54319180087847
2021-09-19,2021-09-25,Madinah,4624000,329130000,71.17863321799308
2021-09-19,2021-09-25,Makkah,4168000,294442000,70.64347408829174
2021-09-19,2021-09-25,Riyadh,28558000,2802167000,98.12196232229148
2021-09-19,2021-09-25,Tabuk,2184000,152794000,69.96062271062272
2021-09-26,2021-10-02,Abha,1972000,163430000,82.87525354969574
2021-09-26,2021-10-02,Buraidah,3078000,274135000,89.06270305393113
2021-09-26,2021-10-02,Dammam,5466000,577489000,105.65111598975484
2021-09-26,2021-10-02,Hail,2310000,192385000,83.28354978354979
2021-09-26,2021-10-02,Jeddah,16345000,1678117000,102.66852248394004
2021-09-26,2021-10-02,Khobar,2893000,349569000,120.83269961977186
2021-09-26,2021-10-02,Madinah,5285000,406141000,76.84787133396405
2021-09-26,2021-10-02,Makkah,4842000,371159000,76.65406856670798
2021-09-26,2021-10-02,Riyadh,32064000,3367583000,105.02691492015968
2021-09-26,2021-10-02,Tabuk,2812000,229910000,81.76031294452348
2021-10-03,2021-10-09,Abha,1838000,132846000,72.27747551686616
2021-10-03,2021-10-09,Buraidah,2926000,228177000,77.98257006151744
2021-10-03,2021-10-09,Dammam,5219000,490390000,93.96244491281855
2021-10-03,2021-10-09,Hail,2109000,153335000,72.70507349454718
2021-10-03,2021-10-09,Jeddah,15742000,1427678000,90.69228814636006
2021-10-03,2021-10-09,Khobar,2811000,296849000,105.60263251511917
2021-10-03,2021-10-09,Madinah,4981000,332088000,66.67094960851234
2021-10-03,2021-10-09,Makkah,4569000,305412000,66.84438608010505
2021-10-03,2021-10-09,Riyadh,31112000,2881115000,92.60462201079969
2021-10-03,2021-10-09,Tabuk,2531000,173212000,68.43619122876333
2021-10-10,2021-10-16,Abha,1786000,124300000,69.59686450167973
2021-10-10,2021-10-16,Buraidah,2870000,218310000,76.06620209059234
2021-10-10,2021-10-16,Dammam,5115000,465018000,90.91260997067448
2021-10-10,2021-10-16,Hail,2094000,144222000,68.87392550143267
2021-10-10,2021-10-16,Jeddah,15579000,1357063000,87.1084793632454
2021-10-10,2021-10-16,Khobar,2810000,292148000,103.96725978647687
2021-10-10,2021-10-16,Madinah,4956000,316865000,63.93563357546408
2021-10-10,2021-10-16,Makkah,4610000,298331000,64.71388286334056
2021-10-10,2021-10-16,Riyadh,30120000,2705648000,89.8289508632138
2021-10-10,2021-10-16,Tabuk,2499000,159898000,63.984793917567025
2021-10-17,2021-10-23,Abha,1651000,115012000,69.66202301635373
2021-10-17,2021-10-23,Buraidah,2650000,202752000,76.51018867924529
2021-10-17,2021-10-23,Dammam,4793000,432486000,90.2328395576883
2021-10-17,2021-10-23,Hail,1845000,130201000,70.56964769647696
2021-10-17,2021-10-23,Jeddah,14586000,1286889000,88.22768408062525
2021-10-17,2021-10-23,Khobar,2672000,271267000,101.52208083832335
2021-10-17,2021-10-23,Madinah,4541000,293064000,64.53732658004844
2021-10-17,2021-10-23,Makkah,4184000,269677000,64.4543499043977
2021-10-17,2021-10-23,Riyadh,28478000,2532482000,88.9276634595126
2021-10-17,2021-10-23,Tabuk,2189000,142250000,64.98401096391046
2021-10-24,2021-10-30,Abha,1909000,150980000,79.08852802514406
2021-10-24,2021-10-30,Buraidah,3056000,257198000,84.16164921465969
2021-10-24,2021-10-30,Dammam,5391000,548947000,101.82656278983491
2021-10-24,2021-10-30,Hail,2357000,184265000,78.17776834959695
2021-10-24,2021-10-30,Jeddah,16178000,1535014000,94.88280380764
2021-10-24,2021-10-30,Khobar,2879000,327540000,113.76866967697117
2021-10-24,2021-10-30,Madinah,5222000,377386000,72.26847950976638
2021-10-24,2021-10-30,Makkah,4820000,352465000,73.12551867219916
2021-10-24,2021-10-30,Riyadh,32076000,3173843000,98.94759321611174
2021-10-24,2021-10-30,Tabuk,2759000,217586000,78.86408118883654
2021-10-31,2021-11-06,Abha,1861000,141017000,75.77485222998388
2021-10-31,2021-11-06,Buraidah,3016000,247713000,82.1329575596817
2021-10-31,2021-11-06,Dammam,5478000,537227000,98.06991602774735
2021-10-31,2021-11-06,Hail,2221000,165370000,74.45745159837911
2021-10-31,2021-11-06,Jeddah,16669000,1552394000,93.1306017157598
2021-10-31,2021-11-06,Khobar,2994000,342123000,114.26953907815631
2021-10-31,2021-11-06,Madinah,5221000,365154000,69.93947519632255
2021-10-31,2021-11-06,Makkah,4856000,343110000,70.65691927512356
2021-10-31,2021-11-06,Riyadh,32438000,3167228000,97.63943523028547
2021-10-31,2021-11-06,Tabuk,2634000,189076000,71.7828397873956
2021-11-07,2021-11-13,Abha,1810000,126975000,70.15193370165746
2021-11-07,2021-11-13,Buraidah,2939000,236168000,80.35658387206533
2021-11-07,2021-11-13,Dammam,5274000,485275000,92.01270383010997
2021-11-07,2021-11-13,Hail,2158000,159556000,73.93697868396663
2021-11-07,2021-11-13,Jeddah,16141000,1398159000,86.6215847840902
2021-11-07,2021-11-13,Khobar,2854000,303310000,106.27540294323757
2021-11-07,2021-11-13,Madinah,5119000,332513000,64.95663215471772
2021-11-07,2021-11-13,Makkah,4738000,306308000,64.6492190797805
2021-11-07,2021-11-13,Riyadh,31563000,2906084000,92.07248994075341
2021-11-07,2021-11-13,Tabuk,2598000,173434000,66.75673595073133
2021-11-14,2021-11-20,Abha,1690000,115118000,68.11715976331361
2021-11-14,2021-11-20,Buraidah,2745000,215223000,78.40546448087431
2021-11-14,2021-11-20,Dammam,4969000,454248000,91.41638156570738
2021-11-14,2021-11-20,Hail,1912000,136034000,71.14748953974896
2021-11-14,2021-11-20,Jeddah,15287000,1309725000,85.67573755478512
2021-11-14,2021-11-20,Khobar,2708000,279748000,103.30428360413589
2021-11-14,2021-11-20,Madinah,4695000,300055000,63.90947816826411
2021-11-14,2021-11-20,Makkah,4389000,280655000,63.945089997721574
2021-11-14,2021-11-20,Riyadh,30074000,2736149000,90.98054798164527
2021-11-14,2021-11-20,Tabuk,2365000,159300000,67.35729386892177
2021-11-21,2021-11-27,Abha,1705000,122065000,71.59237536656892
2021-11-21,2021-11-27,Buraidah,2892000,232742000,80.47786998616874
2021-11-21,2021-11-27,Dammam,5166000,500800000,96.94154084397987
2021-11-21,2021-11-27,Hail,1988000,152372000,76.64587525150905
2021-11-21,2021-11-27,Jeddah,15966000,1492510000,93.48052110735313
2021-11-21,2021-11-27,Khobar,2812000,312783000,111.23150782361309
2021-11-21,2021-11-27,Madinah,4990000,357365000,71.61623246492987
2021-11-21,2021-11-27,Makkah,4630000,334110000,72.16198704103672
2021-11-21,2021-11-27,Riyadh,31377000,3026259000,96.44832201931351
2021-11-21,2021-11-27,Tabuk,2344000,171410000,73.12713310580205
2021-11-28,2021-12-04,Abha,1771000,146486000,82.71372106154715
2021-11-28,2021-12-04,Buraidah,3247000,296944000,91.45180166307361
2021-11-28,2021-12-04,Dammam,5967000,623958000,104.56812468577175
2021-11-28,2021-12-04,Hail,2461000,203621000,82.73913043478261
2021-11-28,2021-12-04,Jeddah,19117000,1936435000,101.29387456190825
2021-11-28,2021-12-04,Khobar,3266000,388714000,119.01837109614208
2021-11-28,2021-12-04,Madinah,6008000,485271000,80.77080559254327
2021-11-28,2021-12-04,Makkah,5676000,454178000,80.01726568005638
2021-11-28,2021-12-04,Riyadh,35251000,3703873000,105.07143059771354
2021-11-28,2021-12-04,Tabuk,2783000,229682000,82.5303629177147
2021-12-05,2021-12-11,Abha,1803000,129252000,71.68718801996673
2021-12-05,2021-12-11,Buraidah,3009000,249023000,82.75938850116317
2021-12-05,2021-12-11,Dammam,5533000,538516000,97.32803180914513
2021-12-05,2021-12-11,Hail,2233000,167284000,74.91446484549932
2021-12-05,2021-12-11,Jeddah,17079000,1552933000,90.92645939457813
2021-12-05,2021-12-11,Khobar,2957000,318008000,107.54413256679067
2021-12-05,2021-12-11,Madinah,5324000,364478000,68.45942900075131
2021-12-05,2021-12-11,Makkah,5043000,338173000,67.05790204243506
2021-12-05,2021-12-11,Riyadh,32842000,3208048000,97.68126179891603
2021-12-05,2021-12-11,Tabuk,2610000,185559000,71.09540229885057
2021-12-12,2021-12-18,Abha,1699000,116893000,68.80105944673338
2021-12-12,2021-12-18,Buraidah,2815000,221495000,78.68383658969805
2021-12-12,2021-12-18,Dammam,5249000,486022000,92.59325585825871
2021-12-12,2021-12-18,Hail,2007000,140507000,70.00847035376184
2021-12-12,2021-12-18,Jeddah,16234000,1429013000,88.02593322656153
2021-12-12,2021-12-18,Khobar,2837000,297567000,104.88790976383504
2021-12-12,2021-12-18,Madinah,4974000,327282000,65.79855247285887
2021-12-12,2021-12-18,Makkah,4716000,311084000,65.9635284139101
2021-12-12,2021-12-18,Riyadh,31564000,2984263000,94.5464136357876
2021-12-12,2021-12-18,Tabuk,2412000,161454000,66.93781094527363
2021-12-19,2021-12-25,Abha,1651000,112604000,68.20351302241066
2021-12-19,2021-12-25,Buraidah,2679000,211270000,78.8615154908548
2021-12-19,2021-12-25,Dammam,5059000,468845000,92.67542992686302
2021-12-19,2021-12-25,Hail,1843000,132890000,72.10526315789474
2021-12-19,2021-12-25,Jeddah,15537000,1377198000,88.63989187101757
2021-12-19,2021-12-25,Khobar,2742000,294044000,107.23705324580598
2021-12-19,2021-12-25,Madinah,4602000,313046000,68.02390265102129
2021-12-19,2021-12-25,Makkah,4369000,295716000,67.68505378805219
2021-12-19,2021-12-25,Riyadh,30255000,2836717000,93.76027102958189
2021-12-19,2021-12-25,Tabuk,2253000,154452000,68.55392809587217
2021-12-26,2022-01-01,Abha,1992000,156379000,78.5035140562249
2021-12-26,2022-01-01,Buraidah,3277000,280563000,85.61580714067745
2021-12-26,2022-01-01,Dammam,6139000,638714000,104.04202638866265
2021-12-26,2022-01-01,Hail,2517000,204936000,81.4207389749702
2021-12-26,2022-01-01,Jeddah,18692000,1809506000,96.80644125829232
2021-12-26,2022-01-01,Khobar,3198000,378752000,118.43402126328955
2021-12-26,2022-01-01,Madinah,5854000,450579000,76.969422617014
2021-12-26,2022-01-01,Makkah,5588000,430892000,77.11023622047244
2021-12-26,2022-01-01,Riyadh,35504000,3641956000,102.57875168995042
2021-12-26,2022-01-01,Tabuk,3003000,246834000,82.1958041958042
2022-01-02,2022-01-08,Abha,1828000,128017000,70.03118161925602
2022-01-02,2022-01-08,Buraidah,3115000,260221000,83.53804173354735
2022-01-02,2022-01-08,Dammam,5858000,564924000,96.43632639125981
2022-01-02,2022-01-08,Hail,2258000,168093000,74.44331266607617
2022-01-02,2022-01-08,Jeddah,17913000,1618484000,90.35248143806174
2022-01-02,2022-01-08,Khobar,3015000,330100000,109.48590381426202
2022-01-02,2022-01-08,Madinah,5419000,383694000,70.80531463369626
2022-01-02,2022-01-08,Makkah,5339000,374060000,70.06180932758943
2022-01-02,2022-01-08,Riyadh,33283000,3222254000,96.81380885136556
2022-01-02,2022-01-08,Tabuk,2559000,184524000,72.10785463071512
2022-01-09,2022-01-15,Abha,1652000,112344000,68.00484261501211
2022-01-09,2022-01-15,Buraidah,3013000,232901000,77.29870560902755
2022-01-09,2022-01-15,Dammam,5650000,508513000,90.00230088495576
2022-01-09,2022-01-15,Hail,2183000,150953000,69.14933577645442
2022-01-09,2022-01-15,Jeddah,18203000,1597985000,87.78690325770478
2022-01-09,2022-01-15,Khobar,3025000,311548000,102.99107438016529
2022-01-09,2022-01-15,Madinah,5544000,368088000,66.39393939393939
2022-01-09,2022-01-15,Makkah,5386000,358632000,66.58596360935759
2022-01-09,2022-01-15,Riyadh,32206000,2929180000,90.95137552008943
2022-01-09,2022-01-15,Tabuk,2409000,160237000,66.51598173515981
2022-01-16,2022-01-22,Abha,1695000,113783000,67.12861356932153
2022-01-16,2022-01-22,Buraidah,2801000,227571000,81.24634059264548
2022-01-16,2022-01-22,Dammam,5368000,486661000,90.65964977645305
2022-01-16,2022-01-22,Hail,1902000,137100000,72.08201892744479
2022-01-16,2022-01-22,Jeddah,16253000,1410460000,86.78151725835231
2022-01-16,2022-01-22,Khobar,2775000,283373000,102.1163963963964
2022-01-16,2022-01-22,Madinah,4789000,322415000,67.32407600751722
2022-01-16,2022-01-22,Makkah,4648000,294241000,63.30486230636833
2022-01-16,2022-01-22,Riyadh,30581000,2779578000,90.89231876001439
2022-01-16,2022-01-22,Tabuk,2308000,156433000,67.77859618717504
2022-01-23,2022-01-29,Abha,1958000,140292000,71.65066394279877
2022-01-23,2022-01-29,Buraidah,3152000,262870000,83.3978426395939
2022-01-23,2022-01-29,Dammam,5935000,561060000,94.5341196293176
2022-01-23,2022-01-29,Hail,2334000,180604000,77.3796058269066
2022-01-23,2022-01-29,Jeddah,17524000,1580201000,90.17353343985391
2022-01-23,2022-01-29,Khobar,2959000,318503000,107.63872930043934
2022-01-23,2022-01-29,Madinah,5425000,384714000,70.91502304147465
2022-01-23,2022-01-29,Makkah,5154000,362146000,70.2650368645712
2022-01-23,2022-01-29,Riyadh,33581000,3204249000,95.41851046722849
2022-01-23,2022-01-29,Tabuk,2780000,213555000,76.81834532374101
2022-01-30,2022-02-05,Abha,1973000,138378000,70.13583375570198
2022-01-30,2022-02-05,Buraidah,3214000,257971000,80.2647790914748
2022-01-30,2022-02-05,Dammam,6134000,575054000,93.7486142810564
2022-01-30,2022-02-05,Hail,2360000,174168000,73.8
2022-01-30,2022-02-05,Jeddah,18683000,1682141000,90.03591500294385
2022-01-30,2022-02-05,Khobar,3182000,333937000,104.94563167818981
2022-01-30,2022-02-05,Madinah,5630000,391368000,69.51474245115453
2022-01-30,2022-02-05,Makkah,5536000,383407000,69.25704479768787
2022-01-30,2022-02-05,Riyadh,34719000,3266856000,94.0941847403439
2022-01-30,2022-02-05,Tabuk,2733000,198043000,72.46359312111232
2022-02-06,2022-02-12,Abha,1928000,122347000,63.45798755186722
2022-02-06,2022-02-12,Buraidah,3074000,227506000,74.00975927130774
2022-02-06,2022-02-12,Dammam,5846000,517596000,88.53848785494355
2022-02-06,2022-02-12,Hail,2220000,151732000,68.34774774774775
2022-02-06,2022-02-12,Jeddah,17517000,1479721000,84.47342581492265
2022-02-06,2022-02-12,Khobar,2994000,304190000,101.5998663994656
2022-02-06,2022-02-12,Madinah,5319000,338108000,63.56608385034781
2022-02-06,2022-02-12,Makkah,5166000,324555000,62.82520325203252
2022-02-06,2022-02-12,Riyadh,33066000,2931205000,88.64709973991411
2022-02-06,2022-02-12,Tabuk,2637000,169936000,64.44292756920743
2022-02-13,2022-02-19,Abha,1902000,116340000,61.16719242902208
2022-02-13,2022-02-19,Buraidah,2953000,214326000,72.57907213003725
2022-02-13,2022-02-19,Dammam,5705000,493176000,86.44627519719545
2022-02-13,2022-02-19,Hail,2092000,136554000,65.27437858508604
2022-02-13,2022-02-19,Jeddah,16984000,1406664000,82.82289213377297
2022-02-13,2022-02-19,Khobar,2956000,296140000,100.18267929634641
2022-02-13,2022-02-19,Madinah,5083000,314721000,61.91638795986622
2022-02-13,2022-02-19,Makkah,4944000,304952000,61.68122977346278
2022-02-13,2022-02-19,Riyadh,32573000,2851301000,87.53571976790593
2022-02-13,2022-02-19,Tabuk,2535000,155280000,61.25443786982248
2022-02-20,2022-02-26,Abha,1930000,123205000,63.83678756476684
2022-02-20,2022-02-26,Buraidah,3049000,233091000,76.44834371925221
2022-02-20,2022-02-26,Dammam,5761000,502671000,87.25412254816872
2022-02-20,2022-02-26,Hail,2141000,145465000,67.94255021018216
2022-02-20,2022-02-26,Jeddah,17313000,1518882000,87.73072257840929
2022-02-20,2022-02-26,Khobar,3089000,315778000,102.2266105535772
2022-02-20,2022-02-26,Madinah,5244000,349547000,66.65655987795576
2022-02-20,2022-02-26,Makkah,5041000,348958000,69.2239634993057
2022-02-20,2022-02-26,Riyadh,33047000,2995676000,90.64895451932097
2022-02-20,2022-02-26,Tabuk,2463000,161931000,65.7454323995128
2022-02-27,2022-03-05,Abha,2236000,162853000,72.83228980322004
2022-02-27,2022-03-05,Buraidah,3451000,290873000,84.28658359895682
2022-02-27,2022-03-05,Dammam,6611000,646931000,97.85675389502345
2022-02-27,2022-03-05,Hail,2703000,206348000,76.3403625601184
2022-02-27,2022-03-05,Jeddah,19529000,1826246000,93.51456807824262
2022-02-27,2022-03-05,Khobar,3249000,368174000,113.31917513080948
2022-02-27,2022-03-05,Madinah,6171000,453622000,73.50866958353589
2022-02-27,2022-03-05,Makkah,5880000,439113000,74.67908163265307
2022-02-27,2022-03-05,Riyadh,37013000,3668046000,99.10155891173372
2022-02-27,2022-03-05,Tabuk,3210000,244773000,76.25327102803739
2022-03-06,2022-03-12,Abha,2135000,142332000,66.66604215456674
2022-03-06,2022-03-12,Buraidah,3383000,268893000,79.48359444280224
2022-03-06,2022-03-12,Dammam,6497000,595352000,91.63490841927043
2022-03-06,2022-03-12,Hail,2493000,176713000,70.88367428800642
2022-03-06,2022-03-12,Jeddah,19138000,1713836000,89.55146828299718
2022-03-06,2022-03-12,Khobar,3287000,344874000,104.92059628840889
2022-03-06,2022-03-12,Madinah,5932000,404359000,68.16571139581929
2022-03-06,2022-03-12,Makkah,5668000,392433000,69.23659139026111
2022-03-06,2022-03-12,Riyadh,36822000,3407626000,92.54320786486339
2022-03-06,2022-03-12,Tabuk,2882000,195627000,67.87890353920888
2022-03-13,2022-03-19,Abha,2022000,144813000,71.6186943620178
2022-03-13,2022-03-19,Buraidah,3118000,259099000,83.09781911481718
2022-03-13,2022-03-19,Dammam,6242000,586314000,93.93047100288369
2022-03-13,2022-03-19,Hail,2202000,163172000,74.10172570390554
2022-03-13,2022-03-19,Jeddah,19204000,1816834000,94.6070610289523
2022-03-13,2022-03-19,Khobar,3318000,359477000,108.3414707655214
2022-03-13,2022-03-19,Madinah,5734000,416400000,72.6194628531566
2022-03-13,2022-03-19,Makkah,5570000,418056000,75.05493716337523
2022-03-13,2022-03-19,Riyadh,34930000,3345232000,95.7695963355282
2022-03-13,2022-03-19,Tabuk,2506000,172871000,68.9828411811652
2022-03-20,2022-03-26,Abha,2072000,143674000,69.34073359073359
2022-03-20,2022-03-26,Buraidah,3265000,266574000,81.64594180704441
2022-03-20,2022-03-26,Dammam,6246000,585514000,93.74223503041947
2022-03-20,2022-03-26,Hail,2260000,168227000,74.43672566371681
2022-03-20,2022-03-26,Jeddah,18064000,1685229000,93.29212798937112
2022-03-20,2022-03-26,Khobar,3135000,336361000,107.29218500797448
2022-03-20,2022-03-26,Madinah,5464000,386622000,70.75805270863836
2022-03-20,2022-03-26,Makkah,5219000,396329000,75.93964360988696
2022-03-20,2022-03-26,Riyadh,35326000,3379132000,95.65566438317387
2022-03-20,2022-03-26,Tabuk,2668000,189709000,71.10532233883059
2022-03-27,2022-04-02,Abha,2385000,190728000,79.96981132075472
2022-03-27,2022-04-02,Buraidah,3813000,346724000,90.93207448203515
2022-03-27,2022-04-02,Dammam,7260000,746704000,102.85179063360881
2022-03-27,2022-04-02,Hail,2981000,246134000,82.56759476685676
2022-03-27,2022-04-02,Jeddah,21174000,2103854000,99.36025314064419
2022-03-27,2022-04-02,Khobar,3467000,402452000,116.08076146524373
2022-03-27,2022-04-02,Madinah,6727000,533240000,79.2686189980675
2022-03-27,2022-04-02,Makkah,6584000,577914000,87.7755164034022
2022-03-27,2022-04-02,Riyadh,40335000,4135326000,102.52450725176645
2022-03-27,2022-04-02,Tabuk,3527000,286037000,81.09923447689255
2022-04-03,2022-04-09,Abha,1646000,117782000,71.55650060753341
2022-04-03,2022-04-09,Buraidah,2711000,233748000,86.2220582810771
2022-04-03,2022-04-09,Dammam,5400000,536697000,99.38833333333334
2022-04-03,2022-04-09,Hail,2017000,154375000,76.53693604362915
2022-04-03,2022-04-09,Jeddah,15701000,1525867000,97.18279090503789
2022-04-03,2022-04-09,Khobar,2525000,289152000,114.51564356435644
2022-04-03,2022-04-09,Madinah,4874000,366537000,75.20250307755437
2022-04-03,2022-04-09,Makkah,5344000,549097000,102.7501871257485
2022-04-03,2022-04-09,Riyadh,29391000,2934736000,99.85151917253582
2022-04-03,2022-04-09,Tabuk,2416000,174701000,72.31001655629139
2022-04-10,2022-04-16,Abha,1716000,122811000,71.56818181818181
2022-04-10,2022-04-16,Buraidah,2782000,235513000,84.65600287562904
2022-04-10,2022-04-16,Dammam,5593000,547690000,97.92419095297693
2022-04-10,2022-04-16,Hail,2047000,152722000,74.6077186126038
2022-04-10,2022-04-16,Jeddah,16568000,1641526000,99.07810236600676
2022-04-10,2022-04-16,Khobar,2608000,301439000,115.58243865030674
2022-04-10,2022-04-16,Madinah,5084000,393939000,77.4860346184107
2022-04-10,2022-04-16,Makkah,5731000,613647000,107.07503053568313
2022-04-10,2022-04-16,Riyadh,30149000,3013555000,99.95538823841586
2022-04-10,2022-04-16,Tabuk,2488000,174476000,70.12700964630226
2022-04-17,2022-04-23,Abha,1755000,132088000,75.26381766381766
2022-04-17,2022-04-23,Buraidah,2761000,247493000,89.63889894965592
2022-04-17,2022-04-23,Dammam,5422000,557548000,102.83068978236813
2022-04-17,2022-04-23,Hail,1930000,149663000,77.54559585492228
2022-04-17,2022-04-23,Jeddah,16813000,1784868000,106.1599952417772
2022-04-17,2022-04-23,Khobar,2572000,321097000,124.84331259720062
2022-04-17,2022-04-23,Madinah,5064000,432995000,85.50454186413901
2022-04-17,2022-04-23,Makkah,5705000,649812000,113.90219106047327
2022-04-17,2022-04-23,Riyadh,29875000,3147048000,105.34051882845188
2022-04-17,2022-04-23,Tabuk,2341000,174148000,74.39043143955574
2022-04-24,2022-04-30,Abha,2299000,207521000,90.26576772509787
2022-04-24,2022-04-30,Buraidah,3827000,382020000,99.82231512934413
2022-04-24,2022-04-30,Dammam,6867000,781214000,113.76350662589195
2022-04-24,2022-04-30,Hail,3144000,290965000,92.54611959287531
2022-04-24,2022-04-30,Jeddah,22615000,2654975000,117.39885032058368
2022-04-24,2022-04-30,Khobar,3102000,420866000,135.67569310122502
2022-04-24,2022-04-30,Madinah,7597000,743867000,97.91588785046729
2022-04-24,2022-04-30,Makkah,8083000,926710000,114.6492638871706
2022-04-24,2022-04-30,Riyadh,36465000,4288708000,117.61162758809817
2022-04-24,2022-04-30,Tabuk,3214000,293018000,91.16925948973243
2022-05-01,2022-05-07,Abha,2003000,125831000,62.82126809785322
2022-05-01,2022-05-07,Buraidah,3045000,201388000,66.13727422003284
2022-05-01,2022-05-07,Dammam,5263000,401320000,76.25308759262778
2022-05-01,2022-05-07,Hail,2361000,145739000,61.727657772130456
2022-05-01,2022-05-07,Jeddah,16864000,1335953000,79.21922438330171
2022-05-01,2022-05-07,Khobar,2917000,282022000,96.68220774768598
2022-05-01,2022-05-07,Madinah,5786000,391891000,67.73090217767025
2022-05-01,2022-05-07,Makkah,5183000,386688000,74.60698437198533
2022-05-01,2022-05-07,Riyadh,28405000,2215336000,77.99105791233937
2022-05-01,2022-05-07,Tabuk,2328000,140417000,60.31658075601374
2022-05-08,2022-05-14,Abha,2182000,134504000,61.64252978918424
2022-05-08,2022-05-14,Buraidah,3195000,235206000,73.6169014084507
2022-05-08,2022-05-14,Dammam,6102000,515556000,84.48967551622418
2022-05-08,2022-05-14,Hail,2412000,156563000,64.91003316749585
2022-05-08,2022-05-14,Jeddah,18132000,1485114000,81.90569159497022
2022-05-08,2022-05-14,Khobar,3040000,299613000,98.55690789473684
2022-05-08,2022-05-14,Madinah,5524000,344620000,62.38595220854453
2022-05-08,2022-05-14,Makkah,5097000,318624000,62.51206592113007
2022-05-08,2022-05-14,Riyadh,34097000,2860942000,83.90597413262164
2022-05-08,2022-05-14,Tabuk,2818000,172902000,61.35628105039035
2022-05-15,2022-05-21,Abha,2072000,125098000,60.375482625482626
2022-05-15,2022-05-21,Buraidah,3104000,221198000,71.26224226804123
2022-05-15,2022-05-21,Dammam,6054000,497540000,82.18368021143046
2022-05-15,2022-05-21,Hail,2235000,140587000,62.90246085011186
2022-05-15,2022-05-21,Jeddah,17688000,1404905000,79.42701266395296
2022-05-15,2022-05-21,Khobar,3037000,290447000,95.63615409944023
2022-05-15,2022-05-21,Madinah,5242000,314661000,60.02689813048455
2022-05-15,2022-05-21,Makkah,4878000,299393000,61.37617876178762
2022-05-15,2022-05-21,Riyadh,34091000,2811604000,82.47349740400692
2022-05-15,2022-05-21,Tabuk,2677000,156225000,58.35823683227493
2022-05-22,2022-05-28,Abha,2509000,175280000,69.86050219210841
2022-05-22,2022-05-28,Buraidah,3433000,272101000,79.26041363239149
2022-05-22,2022-05-28,Dammam,6683000,589895000,88.26799341613048
2022-05-22,2022-05-28,Hail,2647000,190394000,71.92822062712504
2022-05-22,2022-05-28,Jeddah,19725000,1682148000,85.28
2022-05-22,2022-05-28,Khobar,3356000,347308000,103.48867699642432
2022-05-22,2022-05-28,Madinah,6015000,407260000,67.70739817123857
2022-05-22,2022-05-28,Makkah,5529000,387103000,70.01320311086995
2022-05-22,2022-05-28,Riyadh,37287000,3356609000,90.02089199989273
2022-05-22,2022-05-28,Tabuk,3161000,218328000,69.06928187282506
2022-05-29,2022-06-04,Abha,2383000,162561000,68.21695342005874
2022-05-29,2022-06-04,Buraidah,3521000,272094000,77.27747798920761
2022-05-29,2022-06-04,Dammam,7040000,627204000,89.09147727272727
2022-05-29,2022-06-04,Hail,2728000,188605000,69.1367302052786
2022-05-29,2022-06-04,Jeddah,20431000,1721268000,84.24785864617493
2022-05-29,2022-06-04,Khobar,3417000,362592000,106.11413520632134
2022-05-29,2022-06-04,Madinah,6131000,398033000,64.92138313488827
2022-05-29,2022-06-04,Makkah,5739000,378421000,65.9384910263112
2022-05-29,2022-06-04,Riyadh,38875000,3459869000,88.99984565916398
2022-05-29,2022-06-04,Tabuk,3275000,219529000,67.03175572519083
2022-06-05,2022-06-11,Abha,2338000,146846000,62.808383233532936
2022-06-05,2022-06-11,Buraidah,3493000,258607000,74.03578585742915
2022-06-05,2022-06-11,Dammam,6936000,584771000,84.3095444059977
2022-06-05,2022-06-11,Hail,2637000,171191000,64.91884717481987
2022-06-05,2022-06-11,Jeddah,20176000,1627261000,80.6533009516257
2022-06-05,2022-06-11,Khobar,3384000,332214000,98.17198581560284
2022-06-05,2022-06-11,Madinah,6051000,367994000,60.81540241282433
2022-06-05,2022-06-11,Makkah,5675000,343691000,60.562290748898675
2022-06-05,2022-06-11,Riyadh,38426000,3244538000,84.43600687034821
2022-06-05,2022-06-11,Tabuk,3140000,195125000,62.14171974522293
2022-06-12,2022-06-18,Abha,2345000,150086000,64.00255863539445
2022-06-12,2022-06-18,Buraidah,3351000,251075000,74.9253954043569
2022-06-12,2022-06-18,Dammam,6586000,555701000,84.37610081992105
2022-06-12,2022-06-18,Hail,2386000,159519000,66.85624476110645
2022-06-12,2022-06-18,Jeddah,19425000,1600370000,82.38712998712998
2022-06-12,2022-06-18,Khobar,3287000,321785000,97.89625798600548
2022-06-12,2022-06-18,Madinah,5752000,349429000,60.74913073713491
2022-06-12,2022-06-18,Makkah,5405000,320816000,59.35541165587419
2022-06-12,2022-06-18,Riyadh,36898000,3159907000,85.63897772236977
2022-06-12,2022-06-18,Tabuk,2895000,182329000,62.98065630397237
2022-06-19,2022-06-25,Abha,2158000,137925000,63.91334569045412
2022-06-19,2022-06-25,Buraidah,3132000,238892000,76.27458492975734
2022-06-19,2022-06-25,Dammam,6202000,536458000,86.49758142534667
2022-06-19,2022-06-25,Hail,2169000,144748000,66.73490087597972
2022-06-19,2022-06-25,Jeddah,18342000,1527106000,83.25733289717589
2022-06-19,2022-06-25,Khobar,3049000,304945000,100.0147589373565
2022-06-19,2022-06-25,Madinah,5306000,323529000,60.97418017338862
2022-06-19,2022-06-25,Makkah,5017000,291102000,58.02312138728324
2022-06-19,2022-06-25,Riyadh,35030000,3044306000,86.90568084499
2022-06-19,2022-06-25,Tabuk,2667000,168428000,63.15260592425947
2022-06-26,2022-07-02,Abha,2750000,208081000,75.66581818181818
2022-06-26,2022-07-02,Buraidah,3850000,326071000,84.69376623376624
2022-06-26,2022-07-02,Dammam,7507000,723079000,96.32063407486346
2022-06-26,2022-07-02,Hail,3092000,239553000,77.47509702457955
2022-06-26,2022-07-02,Jeddah,22689000,2058635000,90.7327339239279
2022-06-26,2022-07-02,Khobar,3529000,387432000,109.78520827429867
2022-06-26,2022-07-02,Madinah,6919000,495778000,71.6545743604567
2022-06-26,2022-07-02,Makkah,6939000,474068000,68.31935437382909
2022-06-26,2022-07-02,Riyadh,41479000,4022015000,96.96509076882278
2022-06-26,2022-07-02,Tabuk,3692000,292504000,79.22643553629469
2022-07-03,2022-07-09,Abha,2886000,217816000,75.47331947331948
2022-07-03,2022-07-09,Buraidah,3881000,313513000,80.78149961350168
2022-07-03,2022-07-09,Dammam,6737000,638678000,94.80154371381921
2022-07-03,2022-07-09,Hail,3160000,231771000,73.34525316455696
2022-07-03,2022-07-09,Jeddah,20199000,1776537000,87.9517302836774
2022-07-03,2022-07-09,Khobar,3149000,334882000,106.34550651000318
2022-07-03,2022-07-09,Madinah,6983000,492324000,70.50322211084061
2022-07-03,2022-07-09,Makkah,6380000,424423000,66.52398119122257
2022-07-03,2022-07-09,Riyadh,36606000,3390948000,92.63366661203081
2022-07-03,2022-07-09,Tabuk,3085000,223034000,72.29627228525122
2022-07-10,2022-07-16,Abha,2698000,169269000,62.738695329873984
2022-07-10,2022-07-16,Buraidah,3222000,210686000,65.38981998758535
2022-07-10,2022-07-16,Dammam,4962000,376446000,75.86577992744861
2022-07-10,2022-07-16,Hail,2430000,142974000,58.837037037037035
2022-07-10,2022-07-16,Jeddah,17068000,1254967000,73.52747832200609
2022-07-10,2022-07-16,Khobar,2618000,229142000,87.52559205500381
2022-07-10,2022-07-16,Madinah,5705000,336213000,58.933041191936894
2022-07-10,2022-07-16,Makkah,5500000,356653000,64.846
2022-07-10,2022-07-16,Riyadh,28549000,2134106000,74.75239062664191
2022-07-10,2022-07-16,Tabuk,2236000,124973000,55.89132379248658
2022-07-17,2022-07-23,Abha,2808000,181342000,64.58048433048432
2022-07-17,2022-07-23,Buraidah,3176000,231486000,72.88602015113351
2022-07-17,2022-07-23,Dammam,5411000,457622000,84.5725374237664
2022-07-17,2022-07-23,Hail,2376000,150850000,63.48905723905724
2022-07-17,2022-07-23,Jeddah,17698000,1451023000,81.98796474177873
2022-07-17,2022-07-23,Khobar,2693000,262601000,97.51243965837357
2022-07-17,2022-07-23,Madinah,5465000,337439000,61.74547118023788
2022-07-17,2022-07-23,Makkah,4901000,300702000,61.35523362579065
2022-07-17,2022-07-23,Riyadh,32238000,2656615000,82.40632173211738
2022-07-17,2022-07-23,Tabuk,2429000,146369000,60.25895430218197
2022-07-24,2022-07-30,Abha,3447000,245585000,71.24601102407891
2022-07-24,2022-07-30,Buraidah,3630000,283257000,78.03223140495868
2022-07-24,2022-07-30,Dammam,6279000,559656000,89.13139034878165
2022-07-24,2022-07-30,Hail,2978000,210802000,70.78643384822028
2022-07-24,2022-07-30,Jeddah,20095000,1733520000,86.2662353819358
2022-07-24,2022-07-30,Khobar,3111000,311477000,100.12118289938927
2022-07-24,2022-07-30,Madinah,6402000,432113000,67.49656357388317
2022-07-24,2022-07-30,Makkah,5778000,396893000,68.69037729318103
2022-07-24,2022-07-30,Riyadh,37347000,3299122000,88.33700163333066
2022-07-24,2022-07-30,Tabuk,3104000,212974000,68.61275773195877
2022-07-31,2022-08-06,Abha,3336000,229367000,68.7550959232614
2022-07-31,2022-08-06,Buraidah,3503000,264025000,75.37111047673423
2022-07-31,2022-08-06,Dammam,6263000,543389000,86.76177550694555
2022-07-31,2022-08-06,Hail,2817000,187130000,66.42882499112531
2022-07-31,2022-08-06,Jeddah,20144000,1685172000,83.65627482128673
2022-07-31,2022-08-06,Khobar,3126000,302949000,96.9126679462572
2022-07-31,2022-08-06,Madinah,6254000,403399000,64.5025583626479
2022-07-31,2022-08-06,Makkah,5975000,409904000,68.603179916318
2022-07-31,2022-08-06,Riyadh,37525000,3203027000,85.35714856762158
2022-07-31,2022-08-06,Tabuk,2999000,190393000,63.48549516505502
2022-08-07,2022-08-13,Abha,3433000,231492000,67.43140110690358
2022-08-07,2022-08-13,Buraidah,3395000,246554000,72.62268041237114
2022-08-07,2022-08-13,Dammam,6155000,508867000,82.67538586515029
2022-08-07,2022-08-13,Hail,2723000,173047000,63.55012853470437
2022-08-07,2022-08-13,Jeddah,19811000,1603544000,80.94210287214175
2022-08-07,2022-08-13,Khobar,3044000,287913000,94.58377135348226
2022-08-07,2022-08-13,Madinah,6277000,391729000,62.40704158037279
2022-08-07,2022-08-13,Makkah,6076000,417110000,68.64878209348255
2022-08-07,2022-08-13,Riyadh,36723000,3021192000,82.26974920349645
2022-08-07,2022-08-13,Tabuk,2963000,180128000,60.79244009449882
2022-08-14,2022-08-20,Abha,3185000,216119000,67.85525902668759
2022-08-14,2022-08-20,Buraidah,3234000,242778000,75.07050092764378
2022-08-14,2022-08-20,Dammam,6100000,526234000,86.26786885245902
2022-08-14,2022-08-20,Hail,2495000,157892000,63.283366733466934
2022-08-14,2022-08-20,Jeddah,19514000,1616782000,82.85241365173721
2022-08-14,2022-08-20,Khobar,3015000,293825000,97.45439469320067
2022-08-14,2022-08-20,Madinah,6138000,402515000,65.57754969045291
2022-08-14,2022-08-20,Makkah,5950000,422148000,70.94924369747899
2022-08-14,2022-08-20,Riyadh,36248000,3069848000,84.69013462811742
2022-08-14,2022-08-20,Tabuk,2788000,169538000,60.80989956958393
2022-08-21,2022-08-27,Abha,2827000,202679000,71.69402193137601
2022-08-21,2022-08-27,Buraidah,3455000,277668000,80.36700434153401
2022-08-21,2022-08-27,Dammam,6479000,612523000,94.53974378762155
2022-08-21,2022-08-27,Hail,2556000,175548000,68.68075117370893
2022-08-21,2022-08-27,Jeddah,20114000,1808977000,89.9362135825793
2022-08-21,2022-08-27,Khobar,3151000,360962000,114.55474452554745
2022-08-21,2022-08-27,Madinah,6332000,452834000,71.51516108654454
2022-08-21,2022-08-27,Makkah,5985000,448576000,74.9500417710944
2022-08-21,2022-08-27,Riyadh,38117000,3687801000,96.74950809350159
2022-08-21,2022-08-27,Tabuk,2922000,196424000,67.22245037645449
2022-08-28,2022-09-03,Abha,2747000,205622000,74.85329450309429
2022-08-28,2022-09-03,Buraidah,3867000,323150000,83.56607189035428
2022-08-28,2022-09-03,Dammam,7478000,717498000,95.94784701791923
2022-08-28,2022-09-03,Hail,3156000,232494000,73.66730038022814
2022-08-28,2022-09-03,Jeddah,22346000,2050330000,91.75378143739371
2022-08-28,2022-09-03,Khobar,3551000,389641000,109.72711912137426
2022-08-28,2022-09-03,Madinah,6991000,503317000,71.99499356315262
2022-08-28,2022-09-03,Makkah,6663000,494252000,74.17859822902597
2022-08-28,2022-09-03,Riyadh,43127000,4172255000,96.74345537598256
2022-08-28,2022-09-03,Tabuk,3750000,278379000,74.2344
2022-09-04,2022-09-10,Abha,2444000,151646000,62.04828150572831
2022-09-04,2022-09-10,Buraidah,3574000,257932000,72.16899832120873
2022-09-04,2022-09-10,Dammam,6981000,588103000,84.24337487465979
2022-09-04,2022-09-10,Hail,2690000,166129000,61.757992565055766
2022-09-04,2022-09-10,Jeddah,20693000,1670086000,80.70777557628183
2022-09-04,2022-09-10,Khobar,3378000,322486000,95.46654825340438
2022-09-04,2022-09-10,Madinah,6256000,386353000,61.75719309462916
2022-09-04,2022-09-10,Makkah,6024000,387445000,64.31689907038512
2022-09-04,2022-09-10,Riyadh,40306000,3382779000,83.9274301592815
2022-09-04,2022-09-10,Tabuk,3192000,192747000,60.3843984962406
2022-09-11,2022-09-17,Abha,2393000,141373000,59.07772670288341
2022-09-11,2022-09-17,Buraidah,3557000,249489000,70.14028675850436
2022-09-11,2022-09-17,Dammam,6892000,564101000,81.84866511897853
2022-09-11,2022-09-17,Hail,2713000,165172000,60.881680796166606
2022-09-11,2022-09-17,Jeddah,20523000,1600334000,77.97758612288652
2022-09-11,2022-09-17,Khobar,3347000,311061000,92.93725724529429
2022-09-11,2022-09-17,Madinah,6315000,380642000,60.27585114806018
2022-09-11,2022-09-17,Makkah,6030000,372640000,61.79767827529022
2022-09-11,2022-09-17,Riyadh,40153000,3269270000,81.4203172863796
2022-09-11,2022-09-17,Tabuk,3236000,186637000,57.67521631644005
2022-09-18,2022-09-24,Abha,2385000,147062000,61.66121593291405
2022-09-18,2022-09-24,Buraidah,3498000,262565000,75.06146369353917
2022-09-18,2022-09-24,Dammam,6667000,569106000,85.36163191840409
2022-09-18,2022-09-24,Hail,2651000,164219000,61.946058091286304
2022-09-18,2022-09-24,Jeddah,19920000,1647849000,82.72334337349398
2022-09-18,2022-09-24,Khobar,3389000,331097000,97.6975508999705
2022-09-18,2022-09-24,Madinah,6220000,406578000,65.36623794212218
2022-09-18,2022-09-24,Makkah,5841000,403849000,69.14038692004793
2022-09-18,2022-09-24,Riyadh,38889000,3277933000,84.28946488724318
2022-09-18,2022-09-24,Tabuk,3069000,184417000,60.090257412838056
2022-09-25,2022-10-01,Abha,2575000,180667000,70.16194174757281
2022-09-25,2022-10-01,Buraidah,3851000,314050000,81.55024668917164
2022-09-25,2022-10-01,Dammam,7477000,688435000,92.07369265748295
2022-09-25,2022-10-01,Hail,3093000,221291000,71.54574846427417
2022-09-25,2022-10-01,Jeddah,21933000,1901615000,86.70108968221402
2022-09-25,2022-10-01,Khobar,3646000,382368000,104.87328579264948
2022-09-25,2022-10-01,Madinah,6907000,485777000,70.33111336325467
2022-09-25,2022-10-01,Makkah,6466000,477644000,73.87008969996907
2022-09-25,2022-10-01,Riyadh,43333000,3941427000,90.95670735928738
2022-09-25,2022-10-01,Tabuk,3716000,262749000,70.70748116254036
2022-10-02,2022-10-08,Abha,2443000,148137000,60.63733115022513
2022-10-02,2022-10-08,Buraidah,3682000,260285000,70.69120043454645
2022-10-02,2022-10-08,Dammam,7211000,588104000,81.55651088614617
2022-10-02,2022-10-08,Hail,2883000,178945000,62.06902532084634
2022-10-02,2022-10-08,Jeddah,21203000,1632304000,76.98457765410555
2022-10-02,2022-10-08,Khobar,3548000,329382000,92.83596392333709
2022-10-02,2022-10-08,Madinah,6580000,408944000,62.14954407294833
2022-10-02,2022-10-08,Makkah,6256000,403768000,64.54092071611254
2022-10-02,2022-10-08,Riyadh,42667000,3432407000,80.44641057491738
2022-10-02,2022-10-08,Tabuk,3414000,203207000,59.521675454012886
2022-10-09,2022-10-15,Abha,2387000,138829000,58.16045245077503
2022-10-09,2022-10-15,Buraidah,3623000,246602000,68.06569141595362
2022-10-09,2022-10-15,Dammam,7055000,557936000,79.08377037562013
2022-10-09,2022-10-15,Hail,2820000,170682000,60.52553191489362
2022-10-09,2022-10-15,Jeddah,20844000,1561684000,74.92247169449242
2022-10-09,2022-10-15,Khobar,3542000,326181000,92.08949745906267
2022-10-09,2022-10-15,Madinah,6558000,398531000,60.77020433058859
2022-10-09,2022-10-15,Makkah,6229000,394725000,63.368919569754375
2022-10-09,2022-10-15,Riyadh,41376000,3221743000,77.86501836813612
2022-10-09,2022-10-15,Tabuk,3291000,190650000,57.93072014585233
2022-10-16,2022-10-22,Abha,2150000,128057000,59.56139534883721
2022-10-16,2022-10-22,Buraidah,3341000,234009000,70.0416043100868
2022-10-16,2022-10-22,Dammam,6580000,523991000,79.6338905775076
2022-10-16,2022-10-22,Hail,2496000,151532000,60.7099358974359
2022-10-16,2022-10-22,Jeddah,19341000,1467432000,75.87156817124244
2022-10-16,2022-10-22,Khobar,3345000,300817000,89.93034379671151
2022-10-16,2022-10-22,Madinah,5958000,356084000,59.76569318563276
2022-10-16,2022-10-22,Makkah,5601000,356481000,63.645956079271556
2022-10-16,2022-10-22,Riyadh,39032000,3077409000,78.843231194917
2022-10-16,2022-10-22,Tabuk,2912000,168001000,57.6926510989011
2022-10-23,2022-10-29,Abha,2444000,163046000,66.7127659574468
2022-10-23,2022-10-29,Buraidah,3780000,285666000,75.57301587301588
2022-10-23,2022-10-29,Dammam,7249000,622629000,85.89170920126914
2022-10-23,2022-10-29,Hail,3032000,204103000,67.31629287598945
2022-10-23,2022-10-29,Jeddah,20876000,1682728000,80.60586319218241
2022-10-23,2022-10-29,Khobar,3537000,339457000,95.9731410800113
2022-10-23,2022-10-29,Madinah,6682000,433596000,64.89015264890752
2022-10-23,2022-10-29,Makkah,6215000,430370000,69.24698310539019
2022-10-23,2022-10-29,Riyadh,43270000,3674222000,84.91384330945228
2022-10-23,2022-10-29,Tabuk,3534000,238318000,67.43576683644595
2022-10-30,2022-11-05,Abha,2445000,156804000,64.13251533742331
2022-10-30,2022-11-05,Buraidah,3837000,290627000,75.74328902788638
2022-10-30,2022-11-05,Dammam,7457000,630845000,84.59769344240311
2022-10-30,2022-11-05,Hail,3048000,202555000,66.45505249343832
2022-10-30,2022-11-05,Jeddah,21517000,1740443000,80.88688014128364
2022-10-30,2022-11-05,Khobar,3704000,351889000,95.00242980561555
2022-10-30,2022-11-05,Madinah,6834000,439341000,64.2875329236172
2022-10-30,2022-11-05,Makkah,6502000,438659000,67.46524146416488
2022-10-30,2022-11-05,Riyadh,44636000,3725953000,83.47416883233265
2022-10-30,2022-11-05,Tabuk,3615000,238022000,65.84287690179806
2022-11-06,2022-11-12,Abha,2314000,137675000,59.49654278305964
2022-11-06,2022-11-12,Buraidah,3630000,256463000,70.65096418732783
2022-11-06,2022-11-12,Dammam,7128000,573737000,80.49060044893378
2022-11-06,2022-11-12,Hail,2864000,177640000,62.02513966480447
2022-11-06,2022-11-12,Jeddah,20668000,1588517000,76.8587671763112
2022-11-06,2022-11-12,Khobar,3622000,328465000,90.68608503589178
2022-11-06,2022-11-12,Madinah,6582000,398637000,60.56472196900638
2022-11-06,2022-11-12,Makkah,6312000,392625000,62.20294676806083
2022-11-06,2022-11-12,Riyadh,43204000,3395685000,78.59654198685307
2022-11-06,2022-11-12,Tabuk,3351000,201165000,60.0313339301701
2022-11-13,2022-11-19,Abha,2210000,126468000,57.22533936651584
2022-11-13,2022-11-19,Buraidah,3430000,239228000,69.74577259475218
2022-11-13,2022-11-19,Dammam,6723000,544999000,81.06485200059497
2022-11-13,2022-11-19,Hail,2746000,164980000,60.08011653313911
2022-11-13,2022-11-19,Jeddah,19338000,1456827000,75.33493639466336
2022-11-13,2022-11-19,Khobar,3421000,302976000,88.56357790119849
2022-11-13,2022-11-19,Madinah,6163000,365974000,59.382443615122504
2022-11-13,2022-11-19,Makkah,5924000,366393000,61.84891964888589
2022-11-13,2022-11-19,Riyadh,41542000,3222321000,77.56778681815993
2022-11-13,2022-11-19,Tabuk,3146000,178306000,56.67705022250477
2022-11-20,2022-11-26,Abha,2107000,128086000,60.7906976744186
2022-11-20,2022-11-26,Buraidah,3501000,257468000,73.54127392173665
2022-11-20,2022-11-26,Dammam,6518000,543919000,83.44875728751151
2022-11-20,2022-11-26,Hail,2644000,173649000,65.67662632375189
2022-11-20,2022-11-26,Jeddah,18307000,1364784000,74.5498443218441
2022-11-20,2022-11-26,Khobar,3392000,310339000,91.49145047169812
2022-11-20,2022-11-26,Madinah,6154000,395722000,64.3032174195645
2022-11-20,2022-11-26,Makkah,5972000,396332000,66.36503683858004
2022-11-20,2022-11-26,Riyadh,41164000,3314144000,80.51073753765426
2022-11-20,2022-11-26,Tabuk,2980000,181822000,61.01409395973155
2022-11-27,2022-12-03,Abha,2291000,162893000,71.10126582278481
2022-11-27,2022-12-03,Buraidah,4042000,334090000,82.65462642256308
2022-11-27,2022-12-03,Dammam,7515000,695686000,92.5729873586161
2022-11-27,2022-12-03,Hail,3488000,254705000,73.02322247706422
2022-11-27,2022-12-03,Jeddah,22528000,1999915000,88.77463600852273
2022-11-27,2022-12-03,Khobar,3941000,399853000,101.45978178127379
2022-11-27,2022-12-03,Madinah,7810000,569036000,72.85992317541613
2022-11-27,2022-12-03,Makkah,7397000,562345000,76.02338785994321
2022-11-27,2022-12-03,Riyadh,48062000,4237293000,88.16306021389039
2022-11-27,2022-12-03,Tabuk,3608000,260660000,72.2450110864745
2022-12-04,2022-12-10,Abha,2238000,139841000,62.48480786416443
2022-12-04,2022-12-10,Buraidah,3662000,268208000,73.2408519934462
2022-12-04,2022-12-10,Dammam,6928000,600013000,86.60695727482678
2022-12-04,2022-12-10,Hail,2757000,182489000,66.1911498005078
2022-12-04,2022-12-10,Jeddah,20041000,1640284000,81.8464148495584
2022-12-04,2022-12-10,Khobar,3611000,336928000,93.30600941567432
2022-12-04,2022-12-10,Madinah,6488000,422291000,65.08800863131935
2022-12-04,2022-12-10,Makkah,6292000,417507000,66.35521296884933
2022-12-04,2022-12-10,Riyadh,44517000,3654543000,82.09320035042792
2022-12-04,2022-12-10,Tabuk,3224000,202251000,62.732940446650126
2022-12-11,2022-12-17,Abha,2339000,131442000,56.195810175288585
2022-12-11,2022-12-17,Buraidah,3727000,260878000,69.99678025221358
2022-12-11,2022-12-17,Dammam,6956000,574091000,82.53177113283496
2022-12-11,2022-12-17,Hail,2821000,173308000,61.43495214462956
2022-12-11,2022-12-17,Jeddah,19923000,1548152000,77.70677106861416
2022-12-11,2022-12-17,Khobar,3588000,323294000,90.10423634336678
2022-12-11,2022-12-17,Madinah,6639000,421622000,63.5068534417834
2022-12-11,2022-12-17,Makkah,6432000,426918000,66.37406716417911
2022-12-11,2022-12-17,Riyadh,45054000,3576034000,79.37217561148843
2022-12-11,2022-12-17,Tabuk,3313000,194444000,58.691216420162995
2022-12-18,2022-12-24,Abha,2174000,120449000,55.404323827046916
2022-12-18,2022-12-24,Buraidah,3372000,236132000,70.02728351126927
2022-12-18,2022-12-24,Dammam,6467000,525921000,81.32379774238441
2022-12-18,2022-12-24,Hail,2488000,149965000,60.27532154340836
2022-12-18,2022-12-24,Jeddah,18440000,1419784000,76.99479392624728
2022-12-18,2022-12-24,Khobar,3385000,302398000,89.33471196454948
2022-12-18,2022-12-24,Madinah,6008000,382364000,63.64247669773635
2022-12-18,2022-12-24,Makkah,5833000,402342000,68.97685582033259
2022-12-18,2022-12-24,Riyadh,42160000,3295242000,78.1603889943074
2022-12-18,2022-12-24,Tabuk,2944000,168320000,57.17391304347826
2022-12-25,2022-12-31,Abha,2546000,169952000,66.75255302435193
2022-12-25,2022-12-31,Buraidah,3970000,323631000,81.5191435768262
2022-12-25,2022-12-31,Dammam,7578000,719239000,94.91145420955397
2022-12-25,2022-12-31,Hail,3204000,233777000,72.96410736579276
2022-12-25,2022-12-31,Jeddah,21296000,1865708000,87.60837716003006
2022-12-25,2022-12-31,Khobar,3824000,397439000,103.9327928870293
2022-12-25,2022-12-31,Madinah,7238000,554246000,76.57446808510639
2022-12-25,2022-12-31,Makkah,7028000,546417000,77.74857712009107
2022-12-25,2022-12-31,Riyadh,47941000,4260583000,88.87138357564507
2022-12-25,2022-12-31,Tabuk,3812000,273487000,71.74370409233998
2023-01-01,2023-01-07,Abha,2409000,142628000,59.2063096720631
2023-01-01,2023-01-07,Buraidah,3584000,251224000,70.09598214285714
2023-01-01,2023-01-07,Dammam,6986000,595496000,85.24133982250214
2023-01-01,2023-01-07,Hail,2771000,179109000,64.63695416817033
2023-01-01,2023-01-07,Jeddah,19800000,1567003000,79.14156565656566
2023-01-01,2023-01-07,Khobar,3638000,335909000,92.33342495876856
2023-01-01,2023-01-07,Madinah,6668000,434307000,65.13302339532093
2023-01-01,2023-01-07,Makkah,6661000,460932000,69.1986188260021
2023-01-01,2023-01-07,Riyadh,45664000,3654439000,80.02888489838823
2023-01-01,2023-01-07,Tabuk,3387000,206959000,61.10392677886035
2023-01-08,2023-01-14,Abha,2286000,128203000,56.08180227471566
2023-01-08,2023-01-14,Buraidah,3645000,253326000,69.49958847736626
2023-01-08,2023-01-14,Dammam,6875000,563578000,81.97498181818182
2023-01-08,2023-01-14,Hail,2738000,170002000,62.089846603360115
2023-01-08,2023-01-14,Jeddah,19988000,1564566000,78.27526515909545
2023-01-08,2023-01-14,Khobar,3555000,321868000,90.53952180028129
2023-01-08,2023-01-14,Madinah,6721000,424380000,63.14238952536825
2023-01-08,2023-01-14,Makkah,6695000,436111000,65.13980582524272
2023-01-08,2023-01-14,Riyadh,45590000,3526332000,77.34880456240404
2023-01-08,2023-01-14,Tabuk,3278000,189135000,57.69829164124466
2023-01-15,2023-01-21,Abha,2117000,116518000,55.03920642418517
2023-01-15,2023-01-21,Buraidah,3356000,232981000,69.42222884386175
2023-01-15,2023-01-21,Dammam,6397000,516996000,80.81850867594184
2023-01-15,2023-01-21,Hail,2481000,147375000,59.40145102781137
2023-01-15,2023-01-21,Jeddah,18683000,1457508000,78.01252475512499
2023-01-15,2023-01-21,Khobar,3399000,301147000,88.59870550161813
2023-01-15,2023-01-21,Madinah,6133000,374298000,61.0301646828632
2023-01-15,2023-01-21,Makkah,6114000,394979000,64.60238796205431
2023-01-15,2023-01-21,Riyadh,43461000,3271878000,75.28308138330917
2023-01-15,2023-01-21,Tabuk,2914000,162223000,55.670212765957444
2023-01-22,2023-01-28,Abha,2156000,133288000,61.821892393320965
2023-01-22,2023-01-28,Buraidah,3316000,249225000,75.15832328106151
2023-01-22,2023-01-28,Dammam,6124000,508150000,82.97681254082299
2023-01-22,2023-01-28,Hail,2615000,173046000,66.17437858508605
2023-01-22,2023-01-28,Jeddah,17447000,1429096000,81.91070098011119
2023-01-22,2023-01-28,Khobar,3225000,298707000,92.62232558139534
2023-01-22,2023-01-28,Madinah,5971000,391832000,65.62250879249707
2023-01-22,2023-01-28,Makkah,5886000,412948000,70.15766224940536
2023-01-22,2023-01-28,Riyadh,41419000,3230851000,78.00408025302397
2023-01-22,2023-01-28,Tabuk,3098000,199518000,64.40219496449322
2023-01-29,2023-02-04,Abha,2509000,152971000,60.968911917098445
2023-01-29,2023-02-04,Buraidah,3936000,289231000,73.48348577235772
2023-01-29,2023-02-04,Dammam,7322000,627406000,85.68779022125102
2023-01-29,2023-02-04,Hail,3100000,197022000,63.55548387096774
2023-01-29,2023-02-04,Jeddah,20772000,1734447000,83.49927787406124
2023-01-29,2023-02-04,Khobar,3848000,364349000,94.68529106029106
2023-01-29,2023-02-04,Madinah,7112000,464513000,65.31397637795276
2023-01-29,2023-02-04,Makkah,7073000,498667000,70.50289834582215
2023-01-29,2023-02-04,Riyadh,49409000,3892063000,78.77234916715578
2023-01-29,2023-02-04,Tabuk,3575000,222288000,62.17846153846154
2023-02-05,2023-02-11,Abha,2415000,138508000,57.35320910973085
2023-02-05,2023-02-11,Buraidah,3726000,258084000,69.26570048309179
2023-02-05,2023-02-11,Dammam,6979000,568810000,81.50308067058317
2023-02-05,2023-02-11,Hail,2869000,175161000,61.05298013245033
2023-02-05,2023-02-11,Jeddah,19888000,1597100000,80.3047063555913
2023-02-05,2023-02-11,Khobar,3686000,324340000,87.99240368963646
2023-02-05,2023-02-11,Madinah,6809000,424865000,62.39756205022764
2023-02-05,2023-02-11,Makkah,6789000,455069000,67.03034320223891
2023-02-05,2023-02-11,Riyadh,47639000,3584088000,75.2343248179013
2023-02-05,2023-02-11,Tabuk,3337000,192037000,57.54779742283488
2023-02-12,2023-02-18,Abha,2294000,129779000,56.57323452484743
2023-02-12,2023-02-18,Buraidah,3467000,241487000,69.65301413325642
2023-02-12,2023-02-18,Dammam,6673000,544747000,81.63449722763374
2023-02-12,2023-02-18,Hail,2624000,159170000,60.6592987804878
2023-02-12,2023-02-18,Jeddah,19070000,1543213000,80.92359727320398
2023-02-12,2023-02-18,Khobar,3555000,322740000,90.78481012658227
2023-02-12,2023-02-18,Madinah,6452000,404252000,62.65530068195908
2023-02-12,2023-02-18,Makkah,6433000,435236000,67.65676978081765
2023-02-12,2023-02-18,Riyadh,45538000,3462099000,76.02659317493082
2023-02-12,2023-02-18,Tabuk,3148000,177014000,56.23062261753494
2023-02-19,2023-02-25,Abha,2256000,129021000,57.19015957446808
2023-02-19,2023-02-25,Buraidah,3554000,258770000,72.81091727630839
2023-02-19,2023-02-25,Dammam,6373000,535925000,84.09304879962342
2023-02-19,2023-02-25,Hail,2739000,163147000,59.56443957648777
2023-02-19,2023-02-25,Jeddah,18372000,1555095000,84.64483997387329
2023-02-19,2023-02-25,Khobar,3470000,320417000,92.33919308357349
2023-02-19,2023-02-25,Madinah,6282000,420583000,66.9504934734161
2023-02-19,2023-02-25,Makkah,6087000,433943000,71.29012649909643
2023-02-19,2023-02-25,Riyadh,44526000,3452372000,77.53609127251494
2023-02-19,2023-02-25,Tabuk,3000000,170935000,56.97833333333333
2023-02-26,2023-03-04,Abha,2666000,184202000,69.09302325581395
2023-02-26,2023-03-04,Buraidah,4258000,359126000,84.34147487083138
2023-02-26,2023-03-04,Dammam,7846000,738238000,94.09100178434872
2023-02-26,2023-03-04,Hail,3440000,255669000,74.32238372093023
2023-02-26,2023-03-04,Jeddah,22096000,2049893000,92.77213070238957
2023-02-26,2023-03-04,Khobar,4068000,416534000,102.3928220255654
2023-02-26,2023-03-04,Madinah,7834000,579407000,73.96055654837886
2023-02-26,2023-03-04,Makkah,7621000,587052000,77.03083584831387
2023-02-26,2023-03-04,Riyadh,53193000,4599954000,86.47667926230895
2023-02-26,2023-03-04,Tabuk,4042000,283888000,70.23453735774369
2023-03-05,2023-03-11,Abha,2511000,165444000,65.88769414575866
2023-03-05,2023-03-11,Buraidah,4090000,319699000,78.16601466992665
2023-03-05,2023-03-11,Dammam,7633000,688141000,90.15341281278658
2023-03-05,2023-03-11,Hail,3189000,210133000,65.89306992787708
2023-03-05,2023-03-11,Jeddah,22343000,2024419000,90.6064091661818
2023-03-05,2023-03-11,Khobar,4099000,398560000,97.23347157843376
2023-03-05,2023-03-11,Madinah,7703000,543919000,70.61132026483189
2023-03-05,2023-03-11,Makkah,7477000,554549000,74.1673130934867
2023-03-05,2023-03-11,Riyadh,51325000,4186895000,81.57613248904043
2023-03-05,2023-03-11,Tabuk,3488000,223983000,64.21530963302752
2023-03-12,2023-03-18,Abha,2329000,144471000,62.031343924431084
2023-03-12,2023-03-18,Buraidah,3858000,286741000,74.32374287195438
2023-03-12,2023-03-18,Dammam,7187000,637544000,88.70794490051482
2023-03-12,2023-03-18,Hail,2873000,189788000,66.05917159763314
2023-03-12,2023-03-18,Jeddah,20329000,1780782000,87.5981110728516
2023-03-12,2023-03-18,Khobar,3856000,373206000,96.78578838174273
2023-03-12,2023-03-18,Madinah,6831000,463621000,67.87015078319426
2023-03-12,2023-03-18,Makkah,6804000,491238000,72.1984126984127
2023-03-12,2023-03-18,Riyadh,49145000,3954084000,80.45750330654187
2023-03-12,2023-03-18,Tabuk,3383000,205072000,60.61838604788649
2023-03-19,2023-03-25,Abha,2154000,136165000,63.21494893221913
2023-03-19,2023-03-25,Buraidah,3535000,268367000,75.91711456859971
2023-03-19,2023-03-25,Dammam,6447000,585014000,90.7420505661548
2023-03-19,2023-03-25,Hail,2502000,166145000,66.4048760991207
2023-03-19,2023-03-25,Jeddah,18047000,1615346000,89.50772981659001
2023-03-19,2023-03-25,Khobar,3290000,320317000,97.36079027355623
2023-03-19,2023-03-25,Madinah,6063000,419387000,69.17153224476331
2023-03-19,2023-03-25,Makkah,6443000,529904000,82.24491696414714
2023-03-19,2023-03-25,Riyadh,44295000,3659508000,82.61672875042329
2023-03-19,2023-03-25,Tabuk,3001000,181566000,60.50183272242586
2023-03-26,2023-04-01,Abha,2131000,153654000,72.10417644298451
2023-03-26,2023-04-01,Buraidah,3486000,296881000,85.16379804934022
2023-03-26,2023-04-01,Dammam,6419000,645637000,100.58217790933168
2023-03-26,2023-04-01,Hail,2807000,211008000,75.17206982543641
2023-03-26,2023-04-01,Jeddah,18453000,1797121000,97.3890966238552
2023-03-26,2023-04-01,Khobar,3175000,343242000,108.10771653543307
2023-03-26,2023-04-01,Madinah,6610000,511089000,77.32057488653555
2023-03-26,2023-04-01,Makkah,7285000,727565000,99.8716540837337
2023-03-26,2023-04-01,Riyadh,43718000,3985265000,91.15844732146942
2023-03-26,2023-04-01,Tabuk,3374000,247555000,73.37136929460581
2023-04-02,2023-04-08,Abha,2170000,148236000,68.31152073732719
2023-04-02,2023-04-08,Buraidah,3564000,291830000,81.88271604938272
2023-04-02,2023-04-08,Dammam,6499000,642116000,98.80227727342668
2023-04-02,2023-04-08,Hail,2837000,203676000,71.79273880860063
2023-04-02,2023-04-08,Jeddah,19345000,1872683000,96.80449728612045
2023-04-02,2023-04-08,Khobar,3230000,339809000,105.20402476780185
2023-04-02,2023-04-08,Madinah,6821000,522995000,76.67424131359039
2023-04-02,2023-04-08,Makkah,7659000,738148000,96.37655046350699
2023-04-02,2023-04-08,Riyadh,44688000,3962565000,88.67179108485499
2023-04-02,2023-04-08,Tabuk,3354000,230692000,68.78115682766845
2023-04-09,2023-04-15,Abha,2230000,153866000,68.9982062780269
2023-04-09,2023-04-15,Buraidah,3588000,292390000,81.49108138238573
2023-04-09,2023-04-15,Dammam,6494000,646578000,99.56544502617801
2023-04-09,2023-04-15,Hail,2805000,199736000,71.20713012477718
2023-04-09,2023-04-15,Jeddah,20067000,2009988000,100.16385109881895
2023-04-09,2023-04-15,Khobar,3191000,351985000,110.30554685051708
2023-04-09,2023-04-15,Madinah,7280000,589915000,81.03228021978022
2023-04-09,2023-04-15,Makkah,8128000,806821000,99.26439468503936
2023-04-09,2023-04-15,Riyadh,44469000,4034415000,90.7242123726641
2023-04-09,2023-04-15,Tabuk,3369000,233776000,69.39032353814189
2023-04-16,2023-04-22,Abha,2131000,141015000,66.17315814171751
2023-04-16,2023-04-22,Buraidah,3825000,286536000,74.9113725490196
2023-04-16,2023-04-22,Dammam,6109000,577923000,94.60189883778033
2023-04-16,2023-04-22,Hail,2871000,191182000,66.59073493556252
2023-04-16,2023-04-22,Jeddah,19100000,1852473000,96.98811518324608
2023-04-16,2023-04-22,Khobar,3177000,345460000,108.73780295876612
2023-04-16,2023-04-22,Madinah,7427000,566137000,76.22687491584759
2023-04-16,2023-04-22,Makkah,7879000,707988000,89.85759614164235
2023-04-16,2023-04-22,Riyadh,41860000,3567846000,85.23282369804109
2023-04-16,2023-04-22,Tabuk,2873000,183526000,63.8795683954055
2023-04-23,2023-04-29,Abha,2502000,150389000,60.107513988808954
2023-04-23,2023-04-29,Buraidah,3827000,252448000,65.96498562842957
2023-04-23,2023-04-29,Dammam,6190000,491716000,79.43715670436187
2023-04-23,2023-04-29,Hail,3100000,191734000,61.84967741935484
2023-04-23,2023-04-29,Jeddah,18796000,1471022000,78.26250266014046
2023-04-23,2023-04-29,Khobar,3582000,306855000,85.66582914572864
2023-04-23,2023-04-29,Madinah,6848000,440038000,64.2578855140187
2023-04-23,2023-04-29,Makkah,6280000,413189000,65.79442675159235
2023-04-23,2023-04-29,Riyadh,42754000,3058654000,71.54076811526407
2023-04-23,2023-04-29,Tabuk,3230000,193387000,59.872136222910214
2023-04-30,2023-05-06,Abha,2762000,158915000,57.5362056480811
2023-04-30,2023-05-06,Buraidah,4082000,279508000,68.47329740323372
2023-04-30,2023-05-06,Dammam,7353000,607333000,82.59662722698218
2023-04-30,2023-05-06,Hail,3252000,196859000,60.53474784747848
2023-04-30,2023-05-06,Jeddah,20772000,1667788000,80.29019834392452
2023-04-30,2023-05-06,Khobar,3915000,352578000,90.05823754789272
2023-04-30,2023-05-06,Madinah,7181000,439155000,61.155131597270575
2023-04-30,2023-05-06,Makkah,6938000,427738000,61.651484577688095
2023-04-30,2023-05-06,Riyadh,50615000,3727930000,73.65267213276697
2023-04-30,2023-05-06,Tabuk,3878000,221899000,57.21995874161939
2023-05-07,2023-05-13,Abha,2752000,148422000,53.932412790697676
2023-05-07,2023-05-13,Buraidah,4052000,260186000,64.21174728529121
2023-05-07,2023-05-13,Dammam,7350000,567520000,77.21360544217687
2023-05-07,2023-05-13,Hail,3143000,178397000,56.76010181355393
2023-05-07,2023-05-13,Jeddah,20855000,1585230000,76.01198753296572
2023-05-07,2023-05-13,Khobar,3935000,337184000,85.68843710292249
2023-05-07,2023-05-13,Madinah,7096000,406352000,57.26493799323563
2023-05-07,2023-05-13,Makkah,6906000,401167000,58.08963220388068
2023-05-07,2023-05-13,Riyadh,50843000,3589125000,70.59231359282496
2023-05-07,2023-05-13,Tabuk,3796000,202697000,53.397523709167544
2023-05-14,2023-05-20,Abha,2591000,135444000,52.27479737553068
2023-05-14,2023-05-20,Buraidah,3806000,240040000,63.06883867577509
2023-05-14,2023-05-20,Dammam,6994000,535626000,76.58364312267658
2023-05-14,2023-05-20,Hail,2856000,155761000,54.53816526610644
2023-05-14,2023-05-20,Jeddah,19687000,1471612000,74.75044445573221
2023-05-14,2023-05-20,Khobar,3799000,326610000,85.97262437483548
2023-05-14,2023-05-20,Madinah,6609000,368835000,55.80798910576487
2023-05-14,2023-05-20,Makkah,6450000,362257000,56.16387596899225
2023-05-14,2023-05-20,Riyadh,48451000,3431537000,70.8248952549999
2023-05-14,2023-05-20,Tabuk,3512000,179977000,51.24629840546697
2023-05-21,2023-05-27,Abha,2744000,152641000,55.62718658892128
2023-05-21,2023-05-27,Buraidah,3900000,256569000,65.78692307692307
2023-05-21,2023-05-27,Dammam,7119000,566737000,79.60907430818935
2023-05-21,2023-05-27,Hail,2891000,166678000,57.65409892770668
2023-05-21,2023-05-27,Jeddah,19943000,1565930000,78.5202828059971
2023-05-21,2023-05-27,Khobar,3870000,352650000,91.12403100775194
2023-05-21,2023-05-27,Madinah,6763000,389370000,57.573562028685494
2023-05-21,2023-05-27,Makkah,6423000,377601000,58.788883699205975
2023-05-21,2023-05-27,Riyadh,49324000,3593268000,72.85029600194632
2023-05-21,2023-05-27,Tabuk,3535000,191469000,54.16379066478076
2023-05-28,2023-06-03,Abha,3090000,202888000,65.65954692556635
2023-05-28,2023-06-03,Buraidah,4356000,323927000,74.36340679522498
2023-05-28,2023-06-03,Dammam,8070000,709644000,87.9360594795539
2023-05-28,2023-06-03,Hail,3581000,238096000,66.48869030996929
2023-05-28,2023-06-03,Jeddah,22695000,1942677000,85.59933906146729
2023-05-28,2023-06-03,Khobar,4298000,413769000,96.27012563983249
2023-05-28,2023-06-03,Madinah,7771000,496413000,63.880195599022
2023-05-28,2023-06-03,Makkah,7576000,485585000,64.09516895459345
2023-05-28,2023-06-03,Riyadh,55450000,4446494000,80.18925157799819
2023-05-28,2023-06-03,Tabuk,4362000,281481000,64.5302613480055
2023-06-04,2023-06-10,Abha,2789000,161214000,57.80351380423091
2023-06-04,2023-06-10,Buraidah,4035000,277963000,68.88798017348203
2023-06-04,2023-06-10,Dammam,7531000,628969000,83.51732837604568
2023-06-04,2023-06-10,Hail,3118000,184461000,59.16003848620911
2023-06-04,2023-06-10,Jeddah,20888000,1687740000,80.79950210647262
2023-06-04,2023-06-10,Khobar,3999000,363899000,90.99749937484371
2023-06-04,2023-06-10,Madinah,7143000,407109000,56.994120117597646
2023-06-04,2023-06-10,Makkah,6994000,393540000,56.26822991135259
2023-06-04,2023-06-10,Riyadh,52246000,3937853000,75.37137771312636
2023-06-04,2023-06-10,Tabuk,3846000,218840000,56.90067602704108
2023-06-11,2023-06-17,Abha,2785000,158229000,56.81472172351885
2023-06-11,2023-06-17,Buraidah,4048000,278124000,68.70652173913044
2023-06-11,2023-06-17,Dammam,7447000,606657000,81.46327380153082
2023-06-11,2023-06-17,Hail,3190000,187974000,58.92601880877743
2023-06-11,2023-06-17,Jeddah,20955000,1692592000,80.7727034120735
2023-06-11,2023-06-17,Khobar,3921000,352445000,89.88650854373884
2023-06-11,2023-06-17,Madinah,7251000,413330000,57.003171976279134
2023-06-11,2023-06-17,Makkah,7373000,408159000,55.35860572358606
2023-06-11,2023-06-17,Riyadh,52088000,3887153000,74.62665105206574
2023-06-11,2023-06-17,Tabuk,3950000,226823000,57.42354430379747
2023-06-18,2023-06-24,Abha,2832000,174046000,61.4569209039548
2023-06-18,2023-06-24,Buraidah,4017000,292330000,72.77321384117501
2023-06-18,2023-06-24,Dammam,7338000,654883000,89.24543472335786
2023-06-18,2023-06-24,Hail,3001000,189212000,63.04965011662779
2023-06-18,2023-06-24,Jeddah,20686000,1808341000,87.41859228463696
2023-06-18,2023-06-24,Khobar,3883000,385902000,99.38243626062322
2023-06-18,2023-06-24,Madinah,7217000,445663000,61.75183594291257
2023-06-18,2023-06-24,Makkah,7270000,461693000,63.506602475928474
2023-06-18,2023-06-24,Riyadh,50975000,4075827000,79.95737126042178
2023-06-18,2023-06-24,Tabuk,3740000,235612000,62.99786096256685
2023-06-25,2023-07-01,Abha,3186000,212399000,66.66635279347143
2023-06-25,2023-07-01,Buraidah,4309000,300458000,69.72801113947551
2023-06-25,2023-07-01,Dammam,6495000,529175000,81.47421093148576
2023-06-25,2023-07-01,Hail,3777000,246986000,65.39211014032301
2023-06-25,2023-07-01,Jeddah,18978000,1498806000,78.97597217831174
2023-06-25,2023-07-01,Khobar,3474000,305236000,87.8629821531376
2023-06-25,2023-07-01,Madinah,8113000,517737000,63.815727844200666
2023-06-25,2023-07-01,Makkah,8033000,534290000,66.51188846010209
2023-06-25,2023-07-01,Riyadh,46193000,3306947000,71.58978633126232
2023-06-25,2023-07-01,Tabuk,3607000,231354000,64.14028278347658
2023-07-02,2023-07-08,Abha,3484000,211845000,60.80510907003444
2023-07-02,2023-07-08,Buraidah,4055000,278201000,68.60690505548705
2023-07-02,2023-07-08,Dammam,6220000,519370000,83.5
2023-07-02,2023-07-08,Hail,3249000,192603000,59.280701754385966
2023-07-02,2023-07-08,Jeddah,19571000,1623883000,82.97394103520514
2023-07-02,2023-07-08,Khobar,3449000,301809000,87.5062336909249
2023-07-02,2023-07-08,Madinah,7235000,459889000,63.56447823082239
2023-07-02,2023-07-08,Makkah,6721000,440442000,65.53221246838268
2023-07-02,2023-07-08,Riyadh,46105000,3367428000,73.03823880273289
2023-07-02,2023-07-08,Tabuk,3239000,184767000,57.04445816610065
2023-07-09,2023-07-15,Abha,3764000,216698000,57.57120085015941
2023-07-09,2023-07-15,Buraidah,4004000,262596000,65.58341658341658
2023-07-09,2023-07-15,Dammam,6495000,517243000,79.63710546574288
2023-07-09,2023-07-15,Hail,3252000,186699000,57.41051660516605
2023-07-09,2023-07-15,Jeddah,20052000,1561312000,77.86315579493318
2023-07-09,2023-07-15,Khobar,3509000,297651000,84.82502137361071
2023-07-09,2023-07-15,Madinah,7258000,424149000,58.43882612289887
2023-07-09,2023-07-15,Makkah,6754000,396267000,58.67145395321291
2023-07-09,2023-07-15,Riyadh,48633000,3392053000,69.74796948574013
2023-07-09,2023-07-15,Tabuk,3490000,188880000,54.12034383954155
2023-07-16,2023-07-22,Abha,3633000,206745000,56.907514450867055
2023-07-16,2023-07-22,Buraidah,3699000,241241000,65.21789672884563
2023-07-16,2023-07-22,Dammam,6169000,481104000,77.9873561355163
2023-07-16,2023-07-22,Hail,2891000,163745000,56.63957108267036
2023-07-16,2023-07-22,Jeddah,19001000,1477016000,77.73359296879111
2023-07-16,2023-07-22,Khobar,3356000,278716000,83.05005959475567
2023-07-16,2023-07-22,Madinah,6586000,383270000,58.19465532948679
2023-07-16,2023-07-22,Makkah,6384000,382247000,59.87578320802005
2023-07-16,2023-07-22,Riyadh,46618000,3237785000,69.45353726028573
2023-07-16,2023-07-22,Tabuk,3159000,167772000,53.10921177587844
2023-07-23,2023-07-29,Abha,4022000,248579000,61.804823470909994
2023-07-23,2023-07-29,Buraidah,3983000,279012000,70.05071554104946
2023-07-23,2023-07-29,Dammam,6493000,525994000,81.00939473278916
2023-07-23,2023-07-29,Hail,3369000,212106000,62.958147818343726
2023-07-23,2023-07-29,Jeddah,20360000,1676984000,82.36660117878192
2023-07-23,2023-07-29,Khobar,3451000,305280000,88.46131556070704
2023-07-23,2023-07-29,Madinah,7239000,461514000,63.75383340240365
2023-07-23,2023-07-29,Makkah,7136000,480452000,67.32791479820628
2023-07-23,2023-07-29,Riyadh,50153000,3723311000,74.23904851155464
2023-07-23,2023-07-29,Tabuk,3661000,222900000,60.88500409724119
2023-07-30,2023-08-05,Abha,4410000,271701000,61.61020408163265
2023-07-30,2023-08-05,Buraidah,4055000,284489000,70.15758323057953
2023-07-30,2023-08-05,Dammam,7083000,601269000,84.8890300720034
2023-07-30,2023-08-05,Hail,3491000,213129000,61.05098825551418
2023-07-30,2023-08-05,Jeddah,21710000,1816348000,83.66411791801013
2023-07-30,2023-08-05,Khobar,3754000,335440000,89.35535428875866
2023-07-30,2023-08-05,Madinah,7633000,495101000,64.86322546836107
2023-07-30,2023-08-05,Makkah,7833000,543150000,69.34124856376867
2023-07-30,2023-08-05,Riyadh,52622000,3909015000,74.28480483447987
2023-07-30,2023-08-05,Tabuk,3777000,224550000,59.45194598888006
2023-08-06,2023-08-12,Abha,4113000,246810000,60.0072939460248
2023-08-06,2023-08-12,Buraidah,3981000,272585000,68.47148957548355
2023-08-06,2023-08-12,Dammam,6936000,568218000,81.92301038062284
2023-08-06,2023-08-12,Hail,3296000,191683000,58.15625
2023-08-06,2023-08-12,Jeddah,21434000,1746196000,81.46850797797892
2023-08-06,2023-08-12,Khobar,3682000,320703000,87.10021727322108
2023-08-06,2023-08-12,Madinah,7546000,480727000,63.706201961304004
2023-08-06,2023-08-12,Makkah,7663000,511864000,66.79681586845882
2023-08-06,2023-08-12,Riyadh,51639000,3752336000,72.66476887623695
2023-08-06,2023-08-12,Tabuk,3732000,210843000,56.495980707395496
2023-08-13,2023-08-19,Abha,3335000,205102000,61.49985007496252
2023-08-13,2023-08-19,Buraidah,3956000,277115000,70.04929221435793
2023-08-13,2023-08-19,Dammam,7011000,605174000,86.3177863357581
2023-08-13,2023-08-19,Hail,3047000,178233000,58.494584837545126
2023-08-13,2023-08-19,Jeddah,20487000,1715722000,83.74686386488993
2023-08-13,2023-08-19,Khobar,3654000,342102000,93.623973727422
2023-08-13,2023-08-19,Madinah,7271000,480947000,66.14592215651217
2023-08-13,2023-08-19,Makkah,7215000,490362000,67.96424116424116
2023-08-13,2023-08-19,Riyadh,51208000,4010272000,78.31338853304172
2023-08-13,2023-08-19,Tabuk,3701000,212029000,57.28965144555526
2023-08-20,2023-08-26,Abha,2809000,166377000,59.22997508009968
2023-08-20,2023-08-26,Buraidah,3864000,269349000,69.70729813664596
2023-08-20,2023-08-26,Dammam,6981000,583991000,83.65434751468271
2023-08-20,2023-08-26,Hail,2959000,171806000,58.062183169989865
2023-08-20,2023-08-26,Jeddah,19865000,1676769000,84.40820538635792
2023-08-20,2023-08-26,Khobar,3636000,343881000,94.57673267326733
2023-08-20,2023-08-26,Madinah,6791000,420842000,61.97054925636872
2023-08-20,2023-08-26,Makkah,6815000,433141000,63.55700660308144
2023-08-20,2023-08-26,Riyadh,50708000,3880272000,76.52189003707502
2023-08-20,2023-08-26,Tabuk,3609000,203230000,56.31199778331948
2023-08-27,2023-09-02,Abha,3189000,200676000,62.92756349952963
2023-08-27,2023-09-02,Buraidah,4480000,327307000,73.05959821428571
2023-08-27,2023-09-02,Dammam,8118000,686089000,84.51453559990145
2023-08-27,2023-09-02,Hail,3716000,236186000,63.55920344456405
2023-08-27,2023-09-02,Jeddah,22970000,1948528000,84.82925555071833
2023-08-27,2023-09-02,Khobar,4122000,379481000,92.06234837457545
2023-08-27,2023-09-02,Madinah,8012000,510263000,63.68734398402396
2023-08-27,2023-09-02,Makkah,8028000,525393000,65.44506726457399
2023-08-27,2023-09-02,Riyadh,58194000,4461995000,76.67448534213149
2023-08-27,2023-09-02,Tabuk,4555000,288711000,63.38331503841932
2023-09-03,2023-09-09,Abha,2919000,156195000,53.50976361767729
2023-09-03,2023-09-09,Buraidah,4163000,267709000,64.30674993994715
2023-09-03,2023-09-09,Dammam,7598000,581282000,76.50460647538826
2023-09-03,2023-09-09,Hail,3241000,173813000,53.629435359456956
2023-09-03,2023-09-09,Jeddah,21585000,1649559000,76.4215427380125
2023-09-03,2023-09-09,Khobar,3945000,329521000,83.52877059569074
2023-09-03,2023-09-09,Madinah,7392000,420254000,56.85254329004329
2023-09-03,2023-09-09,Makkah,7403000,434942000,58.75212751587194
2023-09-03,2023-09-09,Riyadh,55105000,3833078000,69.5595318029217
2023-09-03,2023-09-09,Tabuk,4009000,212113000,52.90920429034672
2023-09-10,2023-09-16,Abha,2902000,148925000,51.31805651274983
2023-09-10,2023-09-16,Buraidah,4197000,263245000,62.722182511317605
2023-09-10,2023-09-16,Dammam,7619000,568540000,74.62134138338365
2023-09-10,2023-09-16,Hail,3303000,174259000,52.757795943082044
2023-09-10,2023-09-16,Jeddah,21515000,1600980000,74.41227050894724
2023-09-10,2023-09-16,Khobar,3958000,323471000,81.72587165234967
2023-09-10,2023-09-16,Madinah,7478000,422377000,56.482615672639746
2023-09-10,2023-09-16,Makkah,7389000,425771000,57.62227635674652
2023-09-10,2023-09-16,Riyadh,55224000,3761170000,68.10752571345792
2023-09-10,2023-09-16,Tabuk,4167000,218578000,52.45452363810895
2023-09-17,2023-09-23,Abha,2814000,142221000,50.54051172707889
2023-09-17,2023-09-23,Buraidah,4179000,269178000,64.41206030150754
2023-09-17,2023-09-23,Dammam,7386000,554894000,75.12780936907663
2023-09-17,2023-09-23,Hail,3229000,168590000,52.21121090120781
2023-09-17,2023-09-23,Jeddah,20905000,1590084000,76.06237742166945
2023-09-17,2023-09-23,Khobar,3930000,338876000,86.22798982188296
2023-09-17,2023-09-23,Madinah,7130000,419248000,58.80056100981767
2023-09-17,2023-09-23,Makkah,7085000,426902000,60.25434015525759
2023-09-17,2023-09-23,Riyadh,53149000,3634774000,68.38837983781444
2023-09-17,2023-09-23,Tabuk,3795000,194682000,51.299604743083
2023-09-24,2023-09-30,Abha,2979000,183259000,61.516951997314536
2023-09-24,2023-09-30,Buraidah,4512000,327884000,72.66932624113475
2023-09-24,2023-09-30,Dammam,8053000,689186000,85.58127405935676
2023-09-24,2023-09-30,Hail,3670000,228904000,62.3716621253406
2023-09-24,2023-09-30,Jeddah,22106000,1866726000,84.44431376096988
2023-09-24,2023-09-30,Khobar,4131000,399180000,96.63035584604212
2023-09-24,2023-09-30,Madinah,7975000,527296000,66.11862068965517
2023-09-24,2023-09-30,Makkah,7681000,518487000,67.50253873193594
2023-09-24,2023-09-30,Riyadh,57573000,4442376000,77.16075243603773
2023-09-24,2023-09-30,Tabuk,4478000,275849000,61.60093791871371
2023-10-01,2023-10-07,Abha,2911000,154610000,53.11233253177602
2023-10-01,2023-10-07,Buraidah,4410000,285746000,64.79501133786849
2023-10-01,2023-10-07,Dammam,8164000,631582000,77.36183243508084
2023-10-01,2023-10-07,Hail,3480000,197284000,56.69080459770115
2023-10-01,2023-10-07,Jeddah,22285000,1718974000,77.13592102310972
2023-10-01,2023-10-07,Khobar,4149000,350887000,84.57146300313329
2023-10-01,2023-10-07,Madinah,7783000,460207000,59.129770011563664
2023-10-01,2023-10-07,Makkah,7722000,468463000,60.66601916601917
2023-10-01,2023-10-07,Riyadh,57661000,4035929000,69.99408612407
2023-10-01,2023-10-07,Tabuk,4346000,237016000,54.53658536585366
2023-10-08,2023-10-14,Abha,2808000,142345000,50.69266381766382
2023-10-08,2023-10-14,Buraidah,4294000,265187000,61.757568700512344
2023-10-08,2023-10-14,Dammam,7748000,567918000,73.29865771812081
2023-10-08,2023-10-14,Hail,3385000,179603000,53.05849335302806
2023-10-08,2023-10-14,Jeddah,21494000,1572298000,73.15055364287709
2023-10-08,2023-10-14,Khobar,4049000,326392000,80.61052111632502
2023-10-08,2023-10-14,Madinah,7588000,423386000,55.79678439641539
2023-10-08,2023-10-14,Makkah,7531000,432521000,57.43208073297039
2023-10-08,2023-10-14,Riyadh,55950000,3741159000,66.8661126005362
2023-10-08,2023-10-14,Tabuk,4186000,214962000,51.35260391782131
2023-10-15,2023-10-21,Abha,2612000,126677000,48.498085758039814
2023-10-15,2023-10-21,Buraidah,3986000,240382000,60.30657300551932
2023-10-15,2023-10-21,Dammam,7271000,519764000,71.48452757529914
2023-10-15,2023-10-21,Hail,2980000,156510000,52.52013422818792
2023-10-15,2023-10-21,Jeddah,20169000,1427931000,70.7983043284248
2023-10-15,2023-10-21,Khobar,3855000,302854000,78.56134889753567
2023-10-15,2023-10-21,Madinah,6943000,380565000,54.812761054299294
2023-10-15,2023-10-21,Makkah,6905000,400240000,57.9637943519189
2023-10-15,2023-10-21,Riyadh,52748000,3441818000,65.25020853871237
2023-10-15,2023-10-21,Tabuk,3728000,186037000,49.90262875536481
2023-10-22,2023-10-28,Abha,2868000,159299000,55.543584379358435
2023-10-22,2023-10-28,Buraidah,4356000,290258000,66.63406795224977
2023-10-22,2023-10-28,Dammam,7768000,608206000,78.29634397528321
2023-10-22,2023-10-28,Hail,3569000,213512000,59.82404034743626
2023-10-22,2023-10-28,Jeddah,21280000,1584061000,74.43895676691729
2023-10-22,2023-10-28,Khobar,4101000,349072000,85.11875152401853
2023-10-22,2023-10-28,Madinah,7773000,471639000,60.67657275183327
2023-10-22,2023-10-28,Makkah,7447000,478104000,64.20088626292467
2023-10-22,2023-10-28,Riyadh,57021000,4146287000,72.71508742393154
2023-10-22,2023-10-28,Tabuk,4360000,249879000,57.31169724770642
2023-10-29,2023-11-04,Abha,2806000,158761000,56.57911617961511
2023-10-29,2023-11-04,Buraidah,4581000,303361000,66.22156734337482
2023-10-29,2023-11-04,Dammam,7972000,626035000,78.52922729553437
2023-10-29,2023-11-04,Hail,3640000,215481000,59.198076923076925
2023-10-29,2023-11-04,Jeddah,22679000,1757222000,77.48234049120332
2023-10-29,2023-11-04,Khobar,4350000,372858000,85.71448275862069
2023-10-29,2023-11-04,Madinah,8080000,490800000,60.742574257425744
2023-10-29,2023-11-04,Makkah,7983000,509582000,63.83339596642866
2023-10-29,2023-11-04,Riyadh,59054000,4276772000,72.42137704473872
2023-10-29,2023-11-04,Tabuk,4328000,251152000,58.029574861367834
2023-11-05,2023-11-11,Abha,2769000,141495000,51.09967497291441
2023-11-05,2023-11-11,Buraidah,4329000,278347000,64.29822129822129
2023-11-05,2023-11-11,Dammam,7849000,596027000,75.93667983182571
2023-11-05,2023-11-11,Hail,3445000,192807000,55.967198838896955
2023-11-05,2023-11-11,Jeddah,21726000,1571935000,72.35271103746663
2023-11-05,2023-11-11,Khobar,4167000,339723000,81.52699784017278
2023-11-05,2023-11-11,Madinah,7721000,439741000,56.95389198290377
2023-11-05,2023-11-11,Makkah,7655000,448719000,58.61776616590464
2023-11-05,2023-11-11,Riyadh,56819000,3881407000,68.31177951037505
2023-11-05,2023-11-11,Tabuk,4150000,220618000,53.160963855421684
2023-11-12,2023-11-18,Abha,2603000,132060000,50.73376872839032
2023-11-12,2023-11-18,Buraidah,4285000,272262000,63.53838973162194
2023-11-12,2023-11-18,Dammam,7515000,558896000,74.37072521623419
2023-11-12,2023-11-18,Hail,3255000,182620000,56.104454685099846
2023-11-12,2023-11-18,Jeddah,21317000,1594353000,74.79255992869541
2023-11-12,2023-11-18,Khobar,4116000,338295000,82.1902332361516
2023-11-12,2023-11-18,Madinah,7594000,443355000,58.38227548064261
2023-11-12,2023-11-18,Makkah,7562000,463362000,61.27505950806665
2023-11-12,2023-11-18,Riyadh,55642000,3845751000,69.11597354516373
2023-11-12,2023-11-18,Tabuk,3868000,206421000,53.36633919338159
2023-11-19,2023-11-25,Abha,2311000,121397000,52.5300735612289
2023-11-19,2023-11-25,Buraidah,4062000,270257000,66.5329886755293
2023-11-19,2023-11-25,Dammam,7109000,549622000,77.3135462090308
2023-11-19,2023-11-25,Hail,3064000,179519000,58.58975195822455
2023-11-19,2023-11-25,Jeddah,21060000,1659612000,78.8039886039886
2023-11-19,2023-11-25,Khobar,4106000,346141000,84.30126643935704
2023-11-19,2023-11-25,Madinah,7456000,467599000,62.71445815450644
2023-11-19,2023-11-25,Makkah,7381000,473091000,64.09578647879691
2023-11-19,2023-11-25,Riyadh,53698000,3860117000,71.88567544415062
2023-11-19,2023-11-25,Tabuk,3326000,186924000,56.20084185207456
2023-11-26,2023-12-02,Abha,2945000,180414000,61.26112054329372
2023-11-26,2023-12-02,Buraidah,4790000,357724000,74.68141962421711
2023-11-26,2023-12-02,Dammam,8422000,730713000,86.76240797910235
2023-11-26,2023-12-02,Hail,3971000,273770000,68.94233190632083
2023-11-26,2023-12-02,Jeddah,23707000,1956881000,82.54443835154174
2023-11-26,2023-12-02,Khobar,4411000,413254000,93.6871457719338
2023-11-26,2023-12-02,Madinah,8615000,571511000,66.33905977945444
2023-11-26,2023-12-02,Makkah,8438000,574481000,68.08260251244371
2023-11-26,2023-12-02,Riyadh,62312000,4922536000,78.99820259340095
2023-11-26,2023-12-02,Tabuk,4636000,314104000,67.7532355478861
2023-12-03,2023-12-09,Abha,2726000,142070000,52.11665443873808
2023-12-03,2023-12-09,Buraidah,4350000,286326000,65.82206896551725
2023-12-03,2023-12-09,Dammam,7920000,625126000,78.9300505050505
2023-12-03,2023-12-09,Hail,3340000,190623000,57.07275449101797
2023-12-03,2023-12-09,Jeddah,22339000,1686687000,75.50414074040916
2023-12-03,2023-12-09,Khobar,4280000,360163000,84.15023364485981
2023-12-03,2023-12-09,Madinah,7793000,459095000,58.91120236109329
2023-12-03,2023-12-09,Makkah,7855000,475995000,60.59770846594526
2023-12-03,2023-12-09,Riyadh,58564000,4175772000,71.3027115634178
2023-12-03,2023-12-09,Tabuk,4074000,226839000,55.67967599410898
2023-12-10,2023-12-16,Abha,2695000,136915000,50.80333951762523
2023-12-10,2023-12-16,Buraidah,4254000,275391000,64.73695345557122
2023-12-10,2023-12-16,Dammam,7719000,581692000,75.35846612255473
2023-12-10,2023-12-16,Hail,3252000,182684000,56.17589175891759
2023-12-10,2023-12-16,Jeddah,22340000,1619283000,72.4835720680394
2023-12-10,2023-12-16,Khobar,4186000,345653000,82.57357859531773
2023-12-10,2023-12-16,Madinah,7748000,461617000,59.578859060402685
2023-12-10,2023-12-16,Makkah,7893000,487333000,61.742430001266946
2023-12-10,2023-12-16,Riyadh,57798000,3983432000,68.91989342191772
2023-12-10,2023-12-16,Tabuk,4088000,219938000,53.80088062622309
2023-12-17,2023-12-23,Abha,2467000,121656000,49.31333603567086
2023-12-17,2023-12-23,Buraidah,3905000,244295000,62.5595390524968
2023-12-17,2023-12-23,Dammam,7252000,543873000,74.99627688913404
2023-12-17,2023-12-23,Hail,2812000,153069000,54.43421052631579
2023-12-17,2023-12-23,Jeddah,20903000,1528583000,73.12744582117399
2023-12-17,2023-12-23,Khobar,4002000,320318000,80.03948025987006
2023-12-17,2023-12-23,Madinah,7013000,432843000,61.72009125909026
2023-12-17,2023-12-23,Makkah,7191000,469756000,65.32554582116535
2023-12-17,2023-12-23,Riyadh,54542000,3758212000,68.90491731142973
2023-12-17,2023-12-23,Tabuk,3608000,190903000,52.911031042128606
2023-12-24,2023-12-30,Abha,2921000,169095000,57.88942143101678
2023-12-24,2023-12-30,Buraidah,4467000,311766000,69.79314976494291
2023-12-24,2023-12-30,Dammam,8222000,698971000,85.01228411578691
2023-12-24,2023-12-30,Hail,3588000,227532000,63.414715719063544
2023-12-24,2023-12-30,Jeddah,23454000,1898520000,80.94653364031721
2023-12-24,2023-12-30,Khobar,4355000,398149000,91.42342135476464
2023-12-24,2023-12-30,Madinah,8282000,582237000,70.30149722289302
2023-12-24,2023-12-30,Makkah,8325000,614854000,73.85633633633634
2023-12-24,2023-12-30,Riyadh,61214000,4644695000,75.8763518149443
2023-12-24,2023-12-30,Tabuk,4438000,283168000,63.805317710680484
2023-12-31,2024-01-06,Abha,2807000,154043000,54.87816173851087
2023-12-31,2024-01-06,Buraidah,4598000,317884000,69.13527620704654
2023-12-31,2024-01-06,Dammam,8169000,669093000,81.90635328681601
2023-12-31,2024-01-06,Hail,3576000,220788000,61.741610738255034
2023-12-31,2024-01-06,Jeddah,23865000,1880069000,78.77934213283051
2023-12-31,2024-01-06,Khobar,4395000,387889000,88.25688282138795
2023-12-31,2024-01-06,Madinah,8407000,567658000,67.52206494587844
2023-12-31,2024-01-06,Makkah,8653000,601298000,69.49011903386109
2023-12-31,2024-01-06,Riyadh,61093000,4452997000,72.88882523366016
2023-12-31,2024-01-06,Tabuk,4168000,249462000,59.85172744721689
2024-01-07,2024-01-13,Abha,2501000,131043000,52.39624150339864
2024-01-07,2024-01-13,Buraidah,4439000,289113000,65.13020950664564
2024-01-07,2024-01-13,Dammam,7728000,592645000,76.68801759834369
2024-01-07,2024-01-13,Hail,3364000,195808000,58.206896551724135
2024-01-07,2024-01-13,Jeddah,23994000,1823961000,76.01737934483621
2024-01-07,2024-01-13,Khobar,4318000,357525000,82.79874942102825
2024-01-07,2024-01-13,Madinah,8423000,530807000,63.018758162175
2024-01-07,2024-01-13,Makkah,8581000,555612000,64.74909684185992
2024-01-07,2024-01-13,Riyadh,59036000,4103341000,69.50574225896064
2024-01-07,2024-01-13,Tabuk,3837000,213699000,55.69429241594996
2024-01-14,2024-01-20,Abha,2491000,123662000,49.643516659975916
2024-01-14,2024-01-20,Buraidah,3938000,255774000,64.95022854240732
2024-01-14,2024-01-20,Dammam,7269000,537509000,73.94538450956115
2024-01-14,2024-01-20,Hail,2862000,156103000,54.54332634521314
2024-01-14,2024-01-20,Jeddah,21120000,1537144000,72.7814393939394
2024-01-14,2024-01-20,Khobar,3961000,310120000,78.29336026255996
2024-01-14,2024-01-20,Madinah,7093000,419621000,59.15987593401945
2024-01-14,2024-01-20,Makkah,7332000,449774000,61.343971631205676
2024-01-14,2024-01-20,Riyadh,54819000,3682175000,67.16968569291669
2024-01-14,2024-01-20,Tabuk,3598000,190077000,52.82851584213452
2024-01-21,2024-01-27,Abha,2643000,133076000,50.35035944003027
2024-01-21,2024-01-27,Buraidah,4107000,264512000,64.40516191867543
2024-01-21,2024-01-27,Dammam,7461000,541017000,72.51266586248492
2024-01-21,2024-01-27,Hail,2984000,166341000,55.74430294906166
2024-01-21,2024-01-27,Jeddah,21596000,1576237000,72.98745137988516
2024-01-21,2024-01-27,Khobar,4066000,322143000,79.22848007870142
2024-01-21,2024-01-27,Madinah,7282000,435710000,59.833836858006045
2024-01-21,2024-01-27,Makkah,7456000,478070000,64.118830472103
2024-01-21,2024-01-27,Riyadh,56566000,3793128000,67.05667715588869
2024-01-21,2024-01-27,Tabuk,3670000,200761000,54.70326975476839
2024-01-28,2024-02-03,Abha,2990000,177905000,59.5
2024-01-28,2024-02-03,Buraidah,4640000,329523000,71.01788793103448
2024-01-28,2024-02-03,Dammam,8502000,690564000,81.22371206774876
2024-01-28,2024-02-03,Hail,3717000,239746000,64.49986548291633
2024-01-28,2024-02-03,Jeddah,24490000,1959079000,79.99505920783993
2024-01-28,2024-02-03,Khobar,4474000,385605000,86.18797496647295
2024-01-28,2024-02-03,Madinah,8443000,568046000,67.28011370365984
2024-01-28,2024-02-03,Makkah,8670000,608001000,70.12698961937716
2024-01-28,2024-02-03,Riyadh,63021000,4679051000,74.24590215959759
2024-01-28,2024-02-03,Tabuk,4585000,300438000,65.52628135223556
2024-02-04,2024-02-10,Abha,2763000,140979000,51.02388707926167
2024-02-04,2024-02-10,Buraidah,4323000,274172000,63.42169789498034
2024-02-04,2024-02-10,Dammam,7952000,597082000,75.08576458752515
2024-02-04,2024-02-10,Hail,3258000,181059000,55.57366482504604
2024-02-04,2024-02-10,Jeddah,23039000,1713617000,74.37896610095925
2024-02-04,2024-02-10,Khobar,4268000,344240000,80.65604498594189
2024-02-04,2024-02-10,Madinah,7740000,477441000,61.68488372093023
2024-02-04,2024-02-10,Makkah,8067000,524260000,64.98822362712285
2024-02-04,2024-02-10,Riyadh,58897000,4049545000,68.75638827104946
2024-02-04,2024-02-10,Tabuk,4007000,220084000,54.924881457449466
2024-02-11,2024-02-17,Abha,2774000,139394000,50.25018024513338
2024-02-11,2024-02-17,Buraidah,4409000,275695000,62.53005216602404
2024-02-11,2024-02-17,Dammam,7925000,588118000,74.21047318611987
2024-02-11,2024-02-17,Hail,3326000,183227000,55.08929645219483
2024-02-11,2024-02-17,Jeddah,22982000,1740312000,75.7250021756157
2024-02-11,2024-02-17,Khobar,4241000,349505000,82.41098797453431
2024-02-11,2024-02-17,Madinah,7842000,488676000,62.31522570772762
2024-02-11,2024-02-17,Makkah,8026000,521225000,64.94206329429355
2024-02-11,2024-02-17,Riyadh,59507000,4053266000,68.11410422303258
2024-02-11,2024-02-17,Tabuk,4153000,223598000,53.84011557909945
2024-02-18,2024-02-24,Abha,2703000,137382000,50.82574916759157
2024-02-18,2024-02-24,Buraidah,4488000,295558000,65.85516934046346
2024-02-18,2024-02-24,Dammam,7785000,598578000,76.88863198458574
2024-02-18,2024-02-24,Hail,3370000,185434000,55.02492581602374
2024-02-18,2024-02-24,Jeddah,22504000,1761342000,78.26795236402417
2024-02-18,2024-02-24,Khobar,4174000,355790000,85.23957834211787
2024-02-18,2024-02-24,Madinah,7769000,498103000,64.11417170807054
2024-02-18,2024-02-24,Makkah,7820000,527681000,67.47838874680306
2024-02-18,2024-02-24,Riyadh,58318000,4145957000,71.092235673377
2024-02-18,2024-02-24,Tabuk,3820000,209942000,54.958638743455495
2024-02-25,2024-03-02,Abha,2957000,189832000,64.19749746364559
2024-02-25,2024-03-02,Buraidah,4894000,386775000,79.03044544340008
2024-02-25,2024-03-02,Dammam,8636000,754635000,87.3824687355257
2024-02-25,2024-03-02,Hail,3886000,275196000,70.81729284611426
2024-02-25,2024-03-02,Jeddah,26128000,2303176000,88.14972443355786
2024-02-25,2024-03-02,Khobar,4633000,433417000,93.54996762357004
2024-02-25,2024-03-02,Madinah,9075000,658085000,72.51625344352617
2024-02-25,2024-03-02,Makkah,9059000,676903000,74.72160282591898
2024-02-25,2024-03-02,Riyadh,64935000,5240381000,80.7019481019481
2024-02-25,2024-03-02,Tabuk,4620000,318413000,68.92056277056277
2024-03-03,2024-03-09,Abha,2981000,174837000,58.65045286816505
2024-03-03,2024-03-09,Buraidah,4759000,347129000,72.94158436646354
2024-03-03,2024-03-09,Dammam,8658000,731007000,84.43139293139293
2024-03-03,2024-03-09,Hail,3594000,232620000,64.72454090150251
2024-03-03,2024-03-09,Jeddah,24970000,2113778000,84.65270324389267
2024-03-03,2024-03-09,Khobar,4520000,411789000,91.1037610619469
2024-03-03,2024-03-09,Madinah,8448000,561486000,66.4637784090909
2024-03-03,2024-03-09,Makkah,8632000,606043000,70.20887395736793
2024-03-03,2024-03-09,Riyadh,64254000,4976929000,77.45710772870171
2024-03-03,2024-03-09,Tabuk,4497000,276980000,61.5921725594841
2024-03-10,2024-03-16,Abha,2365000,129356000,54.69598308668076
2024-03-10,2024-03-16,Buraidah,3798000,269414000,70.93575566087415
2024-03-10,2024-03-16,Dammam,6988000,594926000,85.13537492844877
2024-03-10,2024-03-16,Hail,2911000,180881000,62.13706630024047
2024-03-10,2024-03-16,Jeddah,20221000,1636926000,80.95178280005935
2024-03-10,2024-03-16,Khobar,3433000,316619000,92.22808039615497
2024-03-10,2024-03-16,Madinah,7126000,460151000,64.5735335391524
2024-03-10,2024-03-16,Makkah,7915000,631986000,79.84662034112445
2024-03-10,2024-03-16,Riyadh,51830000,3879389000,74.84833108238472
2024-03-10,2024-03-16,Tabuk,3723000,218260000,58.62476497448294
2024-03-17,2024-03-23,Abha,2275000,124608000,54.77274725274725
2024-03-17,2024-03-23,Buraidah,3604000,262587000,72.85987791342953
2024-03-17,2024-03-23,Dammam,6647000,575266000,86.54520836467579
2024-03-17,2024-03-23,Hail,2671000,166308000,62.26432047922127
2024-03-17,2024-03-23,Jeddah,19953000,1679242000,84.1598757079136
2024-03-17,2024-03-23,Khobar,3356000,321309000,95.7416567342074
2024-03-17,2024-03-23,Madinah,6858000,459648000,67.02362204724409
2024-03-17,2024-03-23,Makkah,7903000,678473000,85.85005694040238
2024-03-17,2024-03-23,Riyadh,49115000,3809687000,77.56667006006312
2024-03-17,2024-03-23,Tabuk,3466000,206957000,59.71061742642816
2024-03-24,2024-03-30,Abha,2413000,160351000,66.45296311645255
2024-03-24,2024-03-30,Buraidah,3994000,332559000,83.26464697045569
2024-03-24,2024-03-30,Dammam,6946000,646749000,93.1109991361935
2024-03-24,2024-03-30,Hail,3094000,226762000,73.29088558500324
2024-03-24,2024-03-30,Jeddah,21753000,2031163000,93.3739254355721
2024-03-24,2024-03-30,Khobar,3448000,352902000,102.34976798143852
2024-03-24,2024-03-30,Madinah,7606000,592068000,77.84222981856429
2024-03-24,2024-03-30,Makkah,8759000,819394000,93.54880694143166
2024-03-24,2024-03-30,Riyadh,52613000,4510005000,85.72035428506263
2024-03-24,2024-03-30,Tabuk,3869000,275170000,71.12173688291549
2024-03-31,2024-04-06,Abha,2721000,181227000,66.60308710033075
2024-03-31,2024-04-06,Buraidah,4689000,387784000,82.70078908082746
2024-03-31,2024-04-06,Dammam,7902000,761110000,96.31865350544166
2024-03-31,2024-04-06,Hail,3731000,267020000,71.56794425087108
2024-03-31,2024-04-06,Jeddah,25695000,2503944000,97.44868651488616
2024-03-31,2024-04-06,Khobar,3826000,406858000,106.34030318870883
2024-03-31,2024-04-06,Madinah,9565000,766362000,80.12148457919498
2024-03-31,2024-04-06,Makkah,10738000,1007111000,93.78943937418514
2024-03-31,2024-04-06,Riyadh,59113000,5112920000,86.49400301118197
2024-03-31,2024-04-06,Tabuk,4262000,297002000,69.6860628812764
2024-04-07,2024-04-13,Abha,2491000,135234000,54.28904054596548
2024-04-07,2024-04-13,Buraidah,4289000,266940000,62.23828398228025
2024-04-07,2024-04-13,Dammam,6766000,499021000,73.75421223765888
2024-04-07,2024-04-13,Hail,3321000,185656000,55.90364348087925
2024-04-07,2024-04-13,Jeddah,21211000,1649981000,77.78893027202867
2024-04-07,2024-04-13,Khobar,3698000,315313000,85.2658193618172
2024-04-07,2024-04-13,Madinah,8576000,560906000,65.40415111940298
2024-04-07,2024-04-13,Makkah,8514000,634792000,74.55860934930702
2024-04-07,2024-04-13,Riyadh,50215000,3322457000,66.16463208204719
2024-04-07,2024-04-13,Tabuk,3417000,185571000,54.308165057067605
2024-04-14,2024-04-20,Abha,2584000,123422000,47.76393188854489
2024-04-14,2024-04-20,Buraidah,3984000,236659000,59.402359437751
2024-04-14,2024-04-20,Dammam,7102000,512721000,72.19388904533935
2024-04-14,2024-04-20,Hail,3040000,155182000,51.04671052631579
2024-04-14,2024-04-20,Jeddah,20646000,1474751000,71.43034970454325
2024-04-14,2024-04-20,Khobar,3789000,304676000,80.4106624439166
2024-04-14,2024-04-20,Madinah,7059000,394692000,55.91330216744581
2024-04-14,2024-04-20,Makkah,6711000,372736000,55.54105200417226
2024-04-14,2024-04-20,Riyadh,52993000,3427201000,64.67271149019682
2024-04-14,2024-04-20,Tabuk,3727000,185935000,49.888650389052856
2024-04-21,2024-04-27,Abha,2721000,130300000,47.88680632120544
2024-04-21,2024-04-27,Buraidah,4203000,250131000,59.51249107780157
2024-04-21,2024-04-27,Dammam,7728000,566610000,73.31909937888199
2024-04-21,2024-04-27,Hail,3181000,166724000,52.4124489154354
2024-04-21,2024-04-27,Jeddah,21355000,1541441000,72.18173729805666
2024-04-21,2024-04-27,Khobar,4062000,335030000,82.47907434761201
2024-04-21,2024-04-27,Madinah,7321000,402195000,54.93716705368119
2024-04-21,2024-04-27,Makkah,6958000,394066000,56.63495257257833
2024-04-21,2024-04-27,Riyadh,57298000,3741177000,65.29332611958533
2024-04-21,2024-04-27,Tabuk,4041000,204445000,50.592675080425636
2024-04-28,2024-05-04,Abha,3406000,197384000,57.951849677040514
2024-04-28,2024-05-04,Buraidah,4819000,328674000,68.20377671716123
2024-04-28,2024-05-04,Dammam,8619000,677305000,78.58278222531617
2024-04-28,2024-05-04,Hail,4118000,253147000,61.47328800388538
2024-04-28,2024-05-04,Jeddah,24984000,1979636000,79.2361511367275
2024-04-28,2024-05-04,Khobar,4556000,393242000,86.31299385425812
2024-04-28,2024-05-04,Madinah,8857000,551006000,62.211358247713676
2024-04-28,2024-05-04,Makkah,8578000,545278000,63.567031942177664
2024-04-28,2024-05-04,Riyadh,65479000,4714315000,71.99735793155057
2024-04-28,2024-05-04,Tabuk,5152000,314363000,61.01766304347826
2024-05-05,2024-05-11,Abha,3127000,160039000,51.17972497601535
2024-05-05,2024-05-11,Buraidah,4617000,286500000,62.05328135152696
2024-05-05,2024-05-11,Dammam,8556000,639059000,74.69132772323516
2024-05-05,2024-05-11,Hail,3674000,196505000,53.48530212302667
2024-05-05,2024-05-11,Jeddah,24148000,1762944000,73.00579758158025
2024-05-05,2024-05-11,Khobar,4487000,371784000,82.85803432137286
2024-05-05,2024-05-11,Madinah,8320000,462720000,55.61538461538461
2024-05-05,2024-05-11,Makkah,8218000,462038000,56.222681917741546
2024-05-05,2024-05-11,Riyadh,63334000,4266140000,67.35939621688193
2024-05-05,2024-05-11,Tabuk,4674000,246327000,52.701540436456995
2024-05-12,2024-05-18,Abha,3019000,149171000,49.41073203047367
2024-05-12,2024-05-18,Buraidah,4396000,267676000,60.89080982711556
2024-05-12,2024-05-18,Dammam,8286000,607494000,73.3157132512672
2024-05-12,2024-05-18,Hail,3377000,175852000,52.07343796268878
2024-05-12,2024-05-18,Jeddah,22920000,1653886000,72.15907504363001
2024-05-12,2024-05-18,Khobar,4354000,351579000,80.74850711988975
2024-05-12,2024-05-18,Madinah,7825000,421753000,53.89814696485623
2024-05-12,2024-05-18,Makkah,7836000,427918000,54.60923940786115
2024-05-12,2024-05-18,Riyadh,60977000,4036816000,66.20227298817586
2024-05-12,2024-05-18,Tabuk,4332000,220729000,50.953139427516156
2024-05-19,2024-05-25,Abha,2892000,143067000,49.469917012448136
2024-05-19,2024-05-25,Buraidah,4239000,256989000,60.624911535739564
2024-05-19,2024-05-25,Dammam,7958000,585085000,73.52161347072129
2024-05-19,2024-05-25,Hail,3149000,166569000,52.89583994919022
2024-05-19,2024-05-25,Jeddah,21929000,1602542000,73.0786629577272
2024-05-19,2024-05-25,Khobar,4211000,347464000,82.51341724056044
2024-05-19,2024-05-25,Madinah,7375000,393265000,53.32406779661017
2024-05-19,2024-05-25,Makkah,7203000,380986000,52.892683604053865
2024-05-19,2024-05-25,Riyadh,58932000,3971713000,67.39484490599335
2024-05-19,2024-05-25,Tabuk,4165000,212567000,51.03649459783914
2024-05-26,2024-06-01,Abha,3416000,202365000,59.24033957845433
2024-05-26,2024-06-01,Buraidah,4994000,350062000,70.09651581898278
2024-05-26,2024-06-01,Dammam,9116000,744736000,81.69548047389206
2024-05-26,2024-06-01,Hail,4136000,260841000,63.06600580270793
2024-05-26,2024-06-01,Jeddah,25408000,2062623000,81.18006139798489
2024-05-26,2024-06-01,Khobar,4643000,434268000,93.53176825328451
2024-05-26,2024-06-01,Madinah,8862000,549329000,61.98702324531708
2024-05-26,2024-06-01,Makkah,8646000,515018000,59.567198704603285
2024-05-26,2024-06-01,Riyadh,67690000,5047448000,74.56711478800413
2024-05-26,2024-06-01,Tabuk,5233000,329630000,62.9906363462641
2024-06-02,2024-06-08,Abha,3190000,177108000,55.51974921630094
2024-06-02,2024-06-08,Buraidah,4694000,317512000,67.64209629314018
2024-06-02,2024-06-08,Dammam,8684000,684722000,78.8486872409028
2024-06-02,2024-06-08,Hail,3693000,208740000,56.52315190901706
2024-06-02,2024-06-08,Jeddah,24619000,1949181000,79.1738494658597
2024-06-02,2024-06-08,Khobar,4513000,405029000,89.74717482827387
2024-06-02,2024-06-08,Madinah,8462000,498887000,58.95615693689435
2024-06-02,2024-06-08,Makkah,8852000,503169000,56.84240849525531
2024-06-02,2024-06-08,Riyadh,65072000,4695723000,72.16195906073273
2024-06-02,2024-06-08,Tabuk,4771000,273092000,57.23999161601341
2024-06-09,2024-06-15,Abha,3507000,207146000,59.066438551468494
2024-06-09,2024-06-15,Buraidah,5126000,351139000,68.50156067108857
2024-06-09,2024-06-15,Dammam,8534000,697452000,81.72627138504804
2024-06-09,2024-06-15,Hail,4155000,252526000,60.77641395908544
2024-06-09,2024-06-15,Jeddah,23735000,1896679000,79.91063829787234
2024-06-09,2024-06-15,Khobar,4261000,389064000,91.30814362825627
2024-06-09,2024-06-15,Madinah,9067000,572727000,63.166096834675194
2024-06-09,2024-06-15,Makkah,8629000,515918000,59.788851547108585
2024-06-09,2024-06-15,Riyadh,63216000,4572460000,72.3307390534042
2024-06-09,2024-06-15,Tabuk,4668000,283937000,60.82626392459297
2024-06-16,2024-06-22,Abha,2881000,139968000,48.5831308573412
2024-06-16,2024-06-22,Buraidah,3790000,199133000,52.541688654353564
2024-06-16,2024-06-22,Dammam,5739000,367014000,63.950862519602715
2024-06-16,2024-06-22,Hail,2885000,136594000,47.34627383015598
2024-06-16,2024-06-22,Jeddah,17853000,1177398000,65.94958830448664
2024-06-16,2024-06-22,Khobar,3204000,231044000,72.11111111111111
2024-06-16,2024-06-22,Madinah,6935000,360534000,51.98759913482336
2024-06-16,2024-06-22,Makkah,7290000,449187000,61.61687242798354
2024-06-16,2024-06-22,Riyadh,44447000,2462863000,55.411231354197135
2024-06-16,2024-06-22,Tabuk,2973000,134542000,45.25462495795493
2024-06-23,2024-06-29,Abha,3748000,207593000,55.38767342582711
2024-06-23,2024-06-29,Buraidah,4475000,296457000,66.24737430167598
2024-06-23,2024-06-29,Dammam,7252000,580418000,80.03557639271925
2024-06-23,2024-06-29,Hail,3636000,213485000,58.71424642464246
2024-06-23,2024-06-29,Jeddah,21931000,1710852000,78.01066982809722
2024-06-23,2024-06-29,Khobar,3815000,331493000,86.89200524246395
2024-06-23,2024-06-29,Madinah,7876000,489256000,62.11985779583545
2024-06-23,2024-06-29,Makkah,7243000,444042000,61.306364765980945
2024-06-23,2024-06-29,Riyadh,56721000,3969959000,69.990990990991
2024-06-23,2024-06-29,Tabuk,4008000,230890000,57.60728542914172
2024-06-30,2024-07-06,Abha,4250000,236086000,55.54964705882353
2024-06-30,2024-07-06,Buraidah,4674000,307063000,65.69597774925117
2024-06-30,2024-07-06,Dammam,7926000,625069000,78.86310875599294
2024-06-30,2024-07-06,Hail,3884000,226225000,58.24536560247168
2024-06-30,2024-07-06,Jeddah,23964000,1866289000,77.87885995660157
2024-06-30,2024-07-06,Khobar,4154000,354255000,85.28045257583052
2024-06-30,2024-07-06,Madinah,8506000,508037000,59.726898659769574
2024-06-30,2024-07-06,Makkah,7952000,480636000,60.44215291750503
2024-06-30,2024-07-06,Riyadh,61589000,4274736000,69.40745912419426
2024-06-30,2024-07-06,Tabuk,4360000,248652000,57.0302752293578
2024-07-07,2024-07-13,Abha,4302000,224214000,52.11854951185495
2024-07-07,2024-07-13,Buraidah,4463000,276446000,61.94174322204795
2024-07-07,2024-07-13,Dammam,7506000,554258000,73.8419930722089
2024-07-07,2024-07-13,Hail,3659000,195596000,53.456135556162884
2024-07-07,2024-07-13,Jeddah,23207000,1713714000,73.84470202956004
2024-07-07,2024-07-13,Khobar,3962000,321963000,81.26274608783443
2024-07-07,2024-07-13,Madinah,8090000,458602000,56.68751545117429
2024-07-07,2024-07-13,Makkah,7856000,459537000,58.49503564154786
2024-07-07,2024-07-13,Riyadh,59870000,3910220000,65.31184232503759
2024-07-07,2024-07-13,Tabuk,4162000,216232000,51.95386833253244
2024-07-14,2024-07-20,Abha,4101000,210559000,51.34333089490368
2024-07-14,2024-07-20,Buraidah,4117000,249660000,60.64124362399806
2024-07-14,2024-07-20,Dammam,7105000,510506000,71.85165376495426
2024-07-14,2024-07-20,Hail,3284000,168230000,51.22716199756395
2024-07-14,2024-07-20,Jeddah,21744000,1581923000,72.75216151582046
2024-07-14,2024-07-20,Khobar,3770000,301074000,79.8604774535809
2024-07-14,2024-07-20,Madinah,7509000,421244000,56.09854840857638
2024-07-14,2024-07-20,Makkah,7471000,441407000,59.082719850087
2024-07-14,2024-07-20,Riyadh,56481000,3632837000,64.31962960995733
2024-07-14,2024-07-20,Tabuk,3803000,189349000,49.78937680778333
2024-07-21,2024-07-27,Abha,4081000,211745000,51.885567262925754
2024-07-21,2024-07-27,Buraidah,4085000,249239000,61.01321909424725
2024-07-21,2024-07-27,Dammam,7227000,534311000,73.93261380932614
2024-07-21,2024-07-27,Hail,3257000,171377000,52.618053423395764
2024-07-21,2024-07-27,Jeddah,21745000,1628017000,74.86856748677857
2024-07-21,2024-07-27,Khobar,3803000,313281000,82.37733368393374
2024-07-21,2024-07-27,Madinah,7549000,441695000,58.51039872830839
2024-07-21,2024-07-27,Makkah,7533000,461387000,61.2487720695606
2024-07-21,2024-07-27,Riyadh,56638000,3722079000,65.71699212542816
2024-07-21,2024-07-27,Tabuk,3719000,191634000,51.528367840817424
2024-07-28,2024-08-03,Abha,4749000,281758000,59.329964202990105
2024-07-28,2024-08-03,Buraidah,4728000,323984000,68.52453468697124
2024-07-28,2024-08-03,Dammam,8281000,673282000,81.30443183190435
2024-07-28,2024-08-03,Hail,4134000,252909000,61.177793904209
2024-07-28,2024-08-03,Jeddah,25035000,2013320000,80.42021170361494
2024-07-28,2024-08-03,Khobar,4280000,376792000,88.03551401869159
2024-07-28,2024-08-03,Madinah,9019000,583159000,64.65894223306353
2024-07-28,2024-08-03,Makkah,8925000,590859000,66.20268907563025
2024-07-28,2024-08-03,Riyadh,64978000,4673426000,71.92320477700144
2024-07-28,2024-08-03,Tabuk,4749000,289546000,60.96988839755738
2024-08-04,2024-08-10,Abha,4169000,236009000,56.61045814343967
2024-08-04,2024-08-10,Buraidah,4454000,290915000,65.31544678940278
2024-08-04,2024-08-10,Dammam,7960000,630359000,79.19082914572864
2024-08-04,2024-08-10,Hail,3618000,201351000,55.65257048092869
2024-08-04,2024-08-10,Jeddah,23771000,1846001000,77.65769214589206
2024-08-04,2024-08-10,Khobar,4103000,361193000,88.0314404094565
2024-08-04,2024-08-10,Madinah,8426000,520805000,61.80928079753145
2024-08-04,2024-08-10,Makkah,8473000,545419000,64.37141508320548
2024-08-04,2024-08-10,Riyadh,61676000,4325959000,70.14007069200338
2024-08-04,2024-08-10,Tabuk,4362000,240664000,55.17285648784961
2024-08-11,2024-08-17,Abha,3691000,212003000,57.43782172852885
2024-08-11,2024-08-17,Buraidah,4600000,304858000,66.27347826086957
2024-08-11,2024-08-17,Dammam,8219000,665007000,80.91093807032486
2024-08-11,2024-08-17,Hail,3637000,199937000,54.9730547154248
2024-08-11,2024-08-17,Jeddah,23700000,1874238000,79.08177215189873
2024-08-11,2024-08-17,Khobar,4139000,401869000,97.09325924136265
2024-08-11,2024-08-17,Madinah,8509000,535487000,62.93183687859913
2024-08-11,2024-08-17,Makkah,8428000,544360000,64.58946369245372
2024-08-11,2024-08-17,Riyadh,62807000,4626070000,73.65532504338688
2024-08-11,2024-08-17,Tabuk,4566000,252746000,55.35392028033289
2024-08-18,2024-08-24,Abha,2971000,159501000,53.68596432177718
2024-08-18,2024-08-24,Buraidah,4202000,273097000,64.99214659685863
2024-08-18,2024-08-24,Dammam,7707000,590028000,76.5574153367069
2024-08-18,2024-08-24,Hail,3247000,168209000,51.804434862950416
2024-08-18,2024-08-24,Jeddah,22117000,1692577000,76.52832662657684
2024-08-18,2024-08-24,Khobar,3911000,349489000,89.36052160572744
2024-08-18,2024-08-24,Madinah,7453000,427310000,57.333959479404264
2024-08-18,2024-08-24,Makkah,7558000,445303000,58.91810002646203
2024-08-18,2024-08-24,Riyadh,59402000,4175799000,70.297279552877
2024-08-18,2024-08-24,Tabuk,4106000,214248000,52.17924987822698
2024-08-25,2024-08-31,Abha,3333000,191246000,57.37953795379538
2024-08-25,2024-08-31,Buraidah,4855000,335586000,69.12173017507725
2024-08-25,2024-08-31,Dammam,8838000,691050000,78.1907671418873
2024-08-25,2024-08-31,Hail,4055000,231887000,57.18545006165228
2024-08-25,2024-08-31,Jeddah,24645000,1922281000,77.99882329072834
2024-08-25,2024-08-31,Khobar,4408000,390648000,88.62250453720509
2024-08-25,2024-08-31,Madinah,8573000,507075000,59.147906217193515
2024-08-25,2024-08-31,Makkah,8450000,517814000,61.279763313609465
2024-08-25,2024-08-31,Riyadh,66815000,4774242000,71.45464341839407
2024-08-25,2024-08-31,Tabuk,4986000,294138000,58.9927797833935
2024-09-01,2024-09-07,Abha,3348000,176597000,52.74701314217443
2024-09-01,2024-09-07,Buraidah,4835000,309166000,63.94332988624612
2024-09-01,2024-09-07,Dammam,8866000,662124000,74.68125422964133
2024-09-01,2024-09-07,Hail,3974000,214347000,53.93734272773025
2024-09-01,2024-09-07,Jeddah,24799000,1826491000,73.65180047582564
2024-09-01,2024-09-07,Khobar,4463000,370465000,83.00806632310105
2024-09-01,2024-09-07,Madinah,8723000,503407000,57.71030608735527
2024-09-01,2024-09-07,Makkah,8613000,508374000,59.02403343782654
2024-09-01,2024-09-07,Riyadh,67160000,4555859000,67.83589934484813
2024-09-01,2024-09-07,Tabuk,4850000,265036000,54.64659793814433
2024-09-08,2024-09-14,Abha,3195000,153413000,48.01658841940532
2024-09-08,2024-09-14,Buraidah,4690000,285596000,60.894669509594884
2024-09-08,2024-09-14,Dammam,8625000,620458000,71.93715942028986
2024-09-08,2024-09-14,Hail,3808000,189205000,49.68618697478992
2024-09-08,2024-09-14,Jeddah,24231000,1702854000,70.27584499195245
2024-09-08,2024-09-14,Khobar,4373000,356406000,81.50148639378001
2024-09-08,2024-09-14,Madinah,8408000,461163000,54.84812083729781
2024-09-08,2024-09-14,Makkah,8326000,472980000,56.807590679798224
2024-09-08,2024-09-14,Riyadh,65512000,4249557000,64.86684882158994
2024-09-08,2024-09-14,Tabuk,4673000,230522000,49.33062272630002
2024-09-15,2024-09-21,Abha,3044000,151212000,49.6754270696452
2024-09-15,2024-09-21,Buraidah,4573000,291240000,63.686857642685325
2024-09-15,2024-09-21,Dammam,8320000,614863000,73.90180288461538
2024-09-15,2024-09-21,Hail,3637000,180274000,49.56667583172945
2024-09-15,2024-09-21,Jeddah,23426000,1712564000,73.10526765132758
2024-09-15,2024-09-21,Khobar,4298000,370157000,86.12308050255933
2024-09-15,2024-09-21,Madinah,8157000,470915000,57.73139634669609
2024-09-15,2024-09-21,Makkah,8024000,478195000,59.595588235294116
2024-09-15,2024-09-21,Riyadh,62614000,4151432000,66.30197719359887
2024-09-15,2024-09-21,Tabuk,4270000,215538000,50.47728337236534
2024-09-22,2024-09-28,Abha,3138000,167845000,53.48789037603569
2024-09-22,2024-09-28,Buraidah,4824000,322168000,66.78441127694859
2024-09-22,2024-09-28,Dammam,8534000,658715000,77.1871338176705
2024-09-22,2024-09-28,Hail,3931000,220908000,56.19638768761129
2024-09-22,2024-09-28,Jeddah,24141000,1829690000,75.7918064703202
2024-09-22,2024-09-28,Khobar,4418000,380475000,86.11928474422815
2024-09-22,2024-09-28,Madinah,8574000,515781000,60.15640307907628
2024-09-22,2024-09-28,Makkah,8204000,504837000,61.53547050219405
2024-09-22,2024-09-28,Riyadh,64971000,4498574000,69.23972233765834
2024-09-22,2024-09-28,Tabuk,4737000,265172000,55.97888959256914
2024-09-29,2024-10-05,Abha,3233000,168655000,52.16671821837303
2024-09-29,2024-10-05,Buraidah,4964000,316917000,63.84307010475423
2024-09-29,2024-10-05,Dammam,9112000,697047000,76.49769534679544
2024-09-29,2024-10-05,Hail,4046000,224655000,55.52521008403362
2024-09-29,2024-10-05,Jeddah,25359000,1869634000,73.7266453724516
2024-09-29,2024-10-05,Khobar,4571000,395351000,86.49113979435572
2024-09-29,2024-10-05,Madinah,8855000,522103000,58.961377752682104
2024-09-29,2024-10-05,Makkah,8661000,519724000,60.00738944694608
2024-09-29,2024-10-05,Riyadh,69336000,4710934000,67.94355024806738
2024-09-29,2024-10-05,Tabuk,5021000,276271000,55.023102967536346
2024-10-06,2024-10-12,Abha,3081000,149477000,48.515741642323924
2024-10-06,2024-10-12,Buraidah,4777000,293353000,61.40946200544275
2024-10-06,2024-10-12,Dammam,8772000,627025000,71.48027815777473
2024-10-06,2024-10-12,Hail,3776000,194116000,51.407838983050844
2024-10-06,2024-10-12,Jeddah,24403000,1698889000,69.61803876572553
2024-10-06,2024-10-12,Khobar,4473000,360882000,80.68008048289738
2024-10-06,2024-10-12,Madinah,8484000,469489000,55.338165959453086
2024-10-06,2024-10-12,Makkah,8393000,475697000,56.67782676039557
2024-10-06,2024-10-12,Riyadh,66314000,4287064000,64.64794764303164
2024-10-06,2024-10-12,Tabuk,4724000,238443000,50.47480948348857
2024-10-13,2024-10-19,Abha,2910000,137039000,47.09243986254295
2024-10-13,2024-10-19,Buraidah,4567000,266619000,58.379461353185896
2024-10-13,2024-10-19,Dammam,8370000,587585000,70.20131421744325
2024-10-13,2024-10-19,Hail,3478000,174043000,50.04111558366878
2024-10-13,2024-10-19,Jeddah,23497000,1584175000,67.4203089756139
2024-10-13,2024-10-19,Khobar,4337000,344758000,79.49227576665898
2024-10-13,2024-10-19,Madinah,8038000,444115000,55.25192834038318
2024-10-13,2024-10-19,Makkah,8081000,461107000,57.060636059893575
2024-10-13,2024-10-19,Riyadh,63821000,3989338000,62.508233966876105
2024-10-13,2024-10-19,Tabuk,4362000,216608000,49.65795506648327
2024-10-20,2024-10-26,Abha,2836000,131091000,46.22390691114246
2024-10-20,2024-10-26,Buraidah,4441000,262159000,59.03152443143436
2024-10-20,2024-10-26,Dammam,8232000,578893000,70.32227891156462
2024-10-20,2024-10-26,Hail,3305000,169756000,51.36338880484115
2024-10-20,2024-10-26,Jeddah,22594000,1516988000,67.14118792599805
2024-10-20,2024-10-26,Khobar,4250000,337071000,79.31082352941176
2024-10-20,2024-10-26,Madinah,7727000,421203000,54.510547431085804
2024-10-20,2024-10-26,Makkah,7522000,435268000,57.86599308694496
2024-10-20,2024-10-26,Riyadh,62512000,3988715000,63.80718901970822
2024-10-20,2024-10-26,Tabuk,4128000,208388000,50.48158914728682
2024-10-27,2024-11-02,Abha,3279000,187423000,57.15858493443123
2024-10-27,2024-11-02,Buraidah,5171000,360988000,69.81009475923419
2024-10-27,2024-11-02,Dammam,9411000,745719000,79.23908192540644
2024-10-27,2024-11-02,Hail,4427000,280196000,63.292523153377005
2024-10-27,2024-11-02,Jeddah,26073000,1936702000,74.27998312430483
2024-10-27,2024-11-02,Khobar,4722000,419873000,88.91846675137654
2024-10-27,2024-11-02,Madinah,9296000,589136000,63.37521514629948
2024-10-27,2024-11-02,Makkah,9086000,601096000,66.15628439357253
2024-10-27,2024-11-02,Riyadh,71530000,5111696000,71.46226758003635
2024-10-27,2024-11-02,Tabuk,5312000,324866000,61.15700301204819
2024-11-03,2024-11-09,Abha,3000000,154811000,51.60366666666667
2024-11-03,2024-11-09,Buraidah,4992000,333005000,66.70773237179488
2024-11-03,2024-11-09,Dammam,8965000,672102000,74.96954824316788
2024-11-03,2024-11-09,Hail,3951000,227199000,57.5041761579347
2024-11-03,2024-11-09,Jeddah,25337000,1856510000,73.2726842167581
2024-11-03,2024-11-09,Khobar,4608000,391393000,84.93771701388889
2024-11-03,2024-11-09,Madinah,8883000,530297000,59.69796240009006
2024-11-03,2024-11-09,Makkah,8755000,551579000,63.00159908623644
2024-11-03,2024-11-09,Riyadh,68477000,4670706000,68.20839113863049
2024-11-03,2024-11-09,Tabuk,4596000,255007000,55.48455178416014
2024-11-10,2024-11-16,Abha,2817000,149488000,53.06638267660632
2024-11-10,2024-11-16,Buraidah,4883000,320819000,65.70120827360229
2024-11-10,2024-11-16,Dammam,8645000,641441000,74.19791787160209
2024-11-10,2024-11-16,Hail,3897000,221896000,56.94021041827047
2024-11-10,2024-11-16,Jeddah,25342000,1857289000,73.28896693236524
2024-11-10,2024-11-16,Khobar,4640000,383644000,82.68189655172414
2024-11-10,2024-11-16,Madinah,9237000,567027000,61.38648911984411
2024-11-10,2024-11-16,Makkah,8970000,550622000,61.384838350055745
2024-11-10,2024-11-16,Riyadh,67023000,4507726000,67.25640451785208
2024-11-10,2024-11-16,Tabuk,4296000,235911000,54.914106145251395
2024-11-17,2024-11-23,Abha,2773000,134903000,48.64875586007933
2024-11-17,2024-11-23,Buraidah,4407000,270660000,61.415929203539825
2024-11-17,2024-11-23,Dammam,8206000,590515000,71.96136972946624
2024-11-17,2024-11-23,Hail,3347000,177435000,53.013146100985956
2024-11-17,2024-11-23,Jeddah,23029000,1593748000,69.20613139953971
2024-11-17,2024-11-23,Khobar,4246000,345299000,81.32336316533208
2024-11-17,2024-11-23,Madinah,7860000,451174000,57.40127226463105
2024-11-17,2024-11-23,Makkah,7610000,455349000,59.83561103810775
2024-11-17,2024-11-23,Riyadh,63050000,4137895000,65.62878667724029
2024-11-17,2024-11-23,Tabuk,4052000,209074000,51.597729516288254
2024-11-24,2024-11-30,Abha,3124000,168669000,53.99135723431498
2024-11-24,2024-11-30,Buraidah,5009000,340069000,67.89159512876822
2024-11-24,2024-11-30,Dammam,9223000,720111000,78.07774043152988
2024-11-24,2024-11-30,Hail,3993000,241651000,60.518657650889054
2024-11-24,2024-11-30,Jeddah,25724000,1869983000,72.69409889597263
2024-11-24,2024-11-30,Khobar,4668000,405593000,86.88796058269067
2024-11-24,2024-11-30,Madinah,8914000,560123000,62.83632488220776
2024-11-24,2024-11-30,Makkah,8646000,554864000,64.17580383992598
2024-11-24,2024-11-30,Riyadh,70080000,4994472000,71.26815068493151
2024-11-24,2024-11-30,Tabuk,4874000,296189000,60.76918342224046
2024-12-01,2024-12-07,Abha,3102000,166559000,53.69406834300451
2024-12-01,2024-12-07,Buraidah,5017000,341241000,68.0169423958541
2024-12-01,2024-12-07,Dammam,9307000,719340000,77.29021166863652
2024-12-01,2024-12-07,Hail,3935000,234712000,59.64726810673444
2024-12-01,2024-12-07,Jeddah,26311000,1928696000,73.30378928965072
2024-12-01,2024-12-07,Khobar,4702000,401666000,85.42450021267545
2024-12-01,2024-12-07,Madinah,9017000,557724000,61.85250083176223
2024-12-01,2024-12-07,Makkah,8977000,570689000,63.572351565110836
2024-12-01,2024-12-07,Riyadh,70721000,4941755000,69.87676927645253
2024-12-01,2024-12-07,Tabuk,4821000,281035000,58.29392242273387
2024-12-08,2024-12-14,Abha,2891000,145073000,50.18090626080941
2024-12-08,2024-12-14,Buraidah,4774000,309287000,64.78571428571429
2024-12-08,2024-12-14,Dammam,8801000,640331000,72.75661856607204
2024-12-08,2024-12-14,Hail,3623000,199166000,54.97267457907811
2024-12-08,2024-12-14,Jeddah,25570000,1791026000,70.04403597966366
2024-12-08,2024-12-14,Khobar,4582000,370637000,80.88978611959843
2024-12-08,2024-12-14,Madinah,8773000,516322000,58.85352786959991
2024-12-08,2024-12-14,Makkah,8798000,526078000,59.795180722891565
2024-12-08,2024-12-14,Riyadh,67913000,4519446000,66.54758293699292
2024-12-08,2024-12-14,Tabuk,4542000,241478000,53.16556583003082
2024-12-15,2024-12-21,Abha,2711000,128870000,47.53596458871265
2024-12-15,2024-12-21,Buraidah,4331000,278443000,64.29069498960979
2024-12-15,2024-12-21,Dammam,8356000,617543000,73.90414073719484
2024-12-15,2024-12-21,Hail,3181000,169635000,53.32756994655769
2024-12-15,2024-12-21,Jeddah,23882000,1656829000,69.37563855623482
2024-12-15,2024-12-21,Khobar,4272000,349114000,81.72144194756554
2024-12-15,2024-12-21,Madinah,7937000,482351000,60.77245810759733
2024-12-15,2024-12-21,Makkah,8033000,502812000,62.59330262666501
2024-12-15,2024-12-21,Riyadh,63710000,4248432000,66.68391147386596
2024-12-15,2024-12-21,Tabuk,4104000,210461000,51.28192007797271
2024-12-22,2024-12-28,Abha,2941000,155926000,53.01802108126488
2024-12-22,2024-12-28,Buraidah,4696000,315965000,67.28385860306643
2024-12-22,2024-12-28,Dammam,8823000,696467000,78.93766292644226
2024-12-22,2024-12-28,Hail,3658000,218994000,59.86714051394205
2024-12-22,2024-12-28,Jeddah,25280000,1879025000,74.32852056962025
2024-12-22,2024-12-28,Khobar,4458000,399796000,89.68057424854194
2024-12-22,2024-12-28,Madinah,8724000,594809000,68.18076570380559
2024-12-22,2024-12-28,Makkah,8681000,606808000,69.90070268402258
2024-12-22,2024-12-28,Riyadh,67652000,4773124000,70.55407083308697
2024-12-22,2024-12-28,Tabuk,4570000,270577000,59.20722100656455
2024-12-29,2025-01-04,Abha,3013000,170533000,56.599070693660806
2024-12-29,2025-01-04,Buraidah,5071000,358725000,70.74048511141787
2024-12-29,2025-01-04,Dammam,9259000,755548000,81.60146884112756
2024-12-29,2025-01-04,Hail,3844000,242674000,63.130593132154004
2024-12-29,2025-01-04,Jeddah,27421000,2125960000,77.53035994310929
2024-12-29,2025-01-04,Khobar,4713000,430257000,91.2915340547422
2024-12-29,2025-01-04,Madinah,9411000,659706000,70.09945808096907
2024-12-29,2025-01-04,Makkah,9639000,682918000,70.84946571221082
2024-12-29,2025-01-04,Riyadh,71179000,5107879000,71.76103907051237
2024-12-29,2025-01-04,Tabuk,4707000,285334000,60.61907796898237
2025-01-05,2025-01-11,Abha,2682000,141587000,52.79157345264728
2025-01-05,2025-01-11,Buraidah,4845000,314191000,64.84850361197111
2025-01-05,2025-01-11,Dammam,8677000,648982000,74.79336176097729
2025-01-05,2025-01-11,Hail,3703000,211205000,57.036186875506345
2025-01-05,2025-01-11,Jeddah,27035000,1960060000,72.50083225448493
2025-01-05,2025-01-11,Khobar,4580000,380431000,83.06353711790393
2025-01-05,2025-01-11,Madinah,9236000,585783000,63.42388479861412
2025-01-05,2025-01-11,Makkah,9385000,599194000,63.84592434736281
2025-01-05,2025-01-11,Riyadh,68643000,4595736000,66.95126961234212
2025-01-05,2025-01-11,Tabuk,4219000,231879000,54.960654183455794
2025-01-12,2025-01-18,Abha,2667000,131079000,49.148481439820024
2025-01-12,2025-01-18,Buraidah,4366000,283372000,64.90426019239578
2025-01-12,2025-01-18,Dammam,8252000,602911000,73.06240911294232
2025-01-12,2025-01-18,Hail,3275000,171874000,52.4806106870229
2025-01-12,2025-01-18,Jeddah,24445000,1715075000,70.16056453262426
2025-01-12,2025-01-18,Khobar,4282000,353055000,82.45095749649697
2025-01-12,2025-01-18,Madinah,7986000,471054000,58.98497370398197
2025-01-12,2025-01-18,Makkah,8189000,497285000,60.725973867383075
2025-01-12,2025-01-18,Riyadh,64237000,4182727000,65.1139841524355
2025-01-12,2025-01-18,Tabuk,4127000,211752000,51.30894111945723
2025-01-19,2025-01-25,Abha,2611000,119155000,45.63577173496745
2025-01-19,2025-01-25,Buraidah,4241000,270846000,63.86371138882339
2025-01-19,2025-01-25,Dammam,8122000,572531000,70.49138143314454
2025-01-19,2025-01-25,Hail,3124000,162336000,51.964148527528806
2025-01-19,2025-01-25,Jeddah,23538000,1613413000,68.5450335627496
2025-01-19,2025-01-25,Khobar,4207000,336746000,80.0442120275731
2025-01-19,2025-01-25,Madinah,7711000,444692000,57.66982233173389
2025-01-19,2025-01-25,Makkah,7779000,479085000,61.58696490551485
2025-01-19,2025-01-25,Riyadh,62720000,4035283000,64.33805803571428
2025-01-19,2025-01-25,Tabuk,3937000,197358000,50.12903225806452
2025-01-26,2025-02-01,Abha,3241000,185653000,57.28262881826597
2025-01-26,2025-02-01,Buraidah,5075000,357913000,70.5247290640394
2025-01-26,2025-02-01,Dammam,9555000,746243000,78.09973835688122
2025-01-26,2025-02-01,Hail,4284000,269810000,62.98085901027078
2025-01-26,2025-02-01,Jeddah,27657000,2078043000,75.13624037314243
2025-01-26,2025-02-01,Khobar,4819000,421244000,87.41315625648475
2025-01-26,2025-02-01,Madinah,9421000,623267000,66.15720199554187
2025-01-26,2025-02-01,Makkah,9418000,652799000,69.31397324272669
2025-01-26,2025-02-01,Riyadh,73300000,5208631000,71.05908594815826
2025-01-26,2025-02-01,Tabuk,5194000,322920000,62.171736619175974
2025-02-02,2025-02-08,Abha,3075000,158949000,51.69073170731707
2025-02-02,2025-02-08,Buraidah,5014000,326882000,65.19385719984045
2025-02-02,2025-02-08,Dammam,9267000,694113000,74.90158627387504
2025-02-02,2025-02-08,Hail,3794000,214448000,56.52293094359515
2025-02-02,2025-02-08,Jeddah,26720000,1958866000,73.31085329341317
2025-02-02,2025-02-08,Khobar,4664000,388385000,83.27294168096054
2025-02-02,2025-02-08,Madinah,8795000,546425000,62.12905059693007
2025-02-02,2025-02-08,Makkah,8873000,579411000,65.30046207596078
2025-02-02,2025-02-08,Riyadh,70488000,4825869000,68.46369594824651
2025-02-02,2025-02-08,Tabuk,4609000,255578000,55.4519418528965
2025-02-09,2025-02-15,Abha,3014000,149975000,49.75945587259456
2025-02-09,2025-02-15,Buraidah,4820000,305116000,63.30207468879668
2025-02-09,2025-02-15,Dammam,9006000,659977000,73.28192316233623
2025-02-09,2025-02-15,Hail,3664000,200701000,54.776473799126634
2025-02-09,2025-02-15,Jeddah,26252000,1916028000,72.9859820204175
2025-02-09,2025-02-15,Khobar,4584000,376708000,82.17888307155323
2025-02-09,2025-02-15,Madinah,8737000,529680000,60.62492846514822
2025-02-09,2025-02-15,Makkah,8715000,556390000,63.84279977051062
2025-02-09,2025-02-15,Riyadh,69483000,4739420000,68.20977793129255
2025-02-09,2025-02-15,Tabuk,4577000,242955000,53.08171291238803
2025-02-16,2025-02-22,Abha,2938000,146089000,49.72396187882914
2025-02-16,2025-02-22,Buraidah,4842000,317935000,65.66191656340355
2025-02-16,2025-02-22,Dammam,8766000,646245000,73.72176591375771
2025-02-16,2025-02-22,Hail,3658000,196940000,53.83816293056315
2025-02-16,2025-02-22,Jeddah,25506000,1892163000,74.18501529051987
2025-02-16,2025-02-22,Khobar,4536000,373437000,82.32738095238095
2025-02-16,2025-02-22,Madinah,8459000,536894000,63.47015013594988
2025-02-16,2025-02-22,Makkah,8424000,555807000,65.9789886039886
2025-02-16,2025-02-22,Riyadh,67898000,4616132000,67.98627352793896
2025-02-16,2025-02-22,Tabuk,4312000,229444000,53.21057513914657
2025-02-23,2025-03-01,Abha,3092000,200756000,64.92755498059509
2025-02-23,2025-03-01,Buraidah,5273000,424398000,80.48511283899109
2025-02-23,2025-03-01,Dammam,9435000,847680000,89.84419713831478
2025-02-23,2025-03-01,Hail,4108000,294419000,71.66966893865629
2025-02-23,2025-03-01,Jeddah,28158000,2450493000,87.02652887278926
2025-02-23,2025-03-01,Khobar,4745000,458865000,96.70495258166491
2025-02-23,2025-03-01,Madinah,9644000,712278000,73.85711323102447
2025-02-23,2025-03-01,Makkah,9811000,775253000,79.0187544592804
2025-02-23,2025-03-01,Riyadh,72538000,5866470000,80.87443822548181
2025-02-23,2025-03-01,Tabuk,4837000,334959000,69.24932809592723
2025-03-02,2025-03-08,Abha,2391000,139721000,58.436219155165205
2025-03-02,2025-03-08,Buraidah,4038000,311033000,77.02649826646855
2025-03-02,2025-03-08,Dammam,7641000,666697000,87.25258474021724
2025-03-02,2025-03-08,Hail,2992000,188483000,62.9956550802139
2025-03-02,2025-03-08,Jeddah,22835000,1852727000,81.13540617473177
2025-03-02,2025-03-08,Khobar,3742000,363801000,97.22100481026189
2025-03-02,2025-03-08,Madinah,7776000,524222000,67.41538065843622
2025-03-02,2025-03-08,Makkah,9019000,756666000,83.89688435525002
2025-03-02,2025-03-08,Riyadh,58681000,4580649000,78.06017279869123
2025-03-02,2025-03-08,Tabuk,3925000,239423000,60.99949044585987
2025-03-09,2025-03-15,Abha,2495000,142821000,57.24288577154309
2025-03-09,2025-03-15,Buraidah,4246000,326912000,76.99293452661328
2025-03-09,2025-03-15,Dammam,7854000,684864000,87.19938884644768
2025-03-09,2025-03-15,Hail,3123000,196273000,62.84758245276977
2025-03-09,2025-03-15,Jeddah,23933000,1982607000,82.83988634939205
2025-03-09,2025-03-15,Khobar,3878000,384151000,99.05905105724601
2025-03-09,2025-03-15,Madinah,8149000,557564000,68.42115597005768
2025-03-09,2025-03-15,Makkah,9604000,818480000,85.22282382340691
2025-03-09,2025-03-15,Riyadh,60658000,4726182000,77.9152296481915
2025-03-09,2025-03-15,Tabuk,4107000,246872000,60.110056001947896
2025-03-16,2025-03-22,Abha,2515000,152502000,60.63697813121272
2025-03-16,2025-03-22,Buraidah,4426000,357780000,80.8359692724808
2025-03-16,2025-03-22,Dammam,7706000,699442000,90.76589670386711
2025-03-16,2025-03-22,Hail,3163000,209711000,66.30129623774897
2025-03-16,2025-03-22,Jeddah,24577000,2176975000,88.57773528095373
2025-03-16,2025-03-22,Khobar,3804000,391134000,102.8217665615142
2025-03-16,2025-03-22,Madinah,8483000,643655000,75.87586938583048
2025-03-16,2025-03-22,Makkah,9890000,933298000,94.36784630940343
2025-03-16,2025-03-22,Riyadh,60526000,4942598000,81.66074083864785
2025-03-16,2025-03-22,Tabuk,3907000,248291000,63.55029434348605
2025-03-23,2025-03-29,Abha,3098000,218283000,70.4593285990962
2025-03-23,2025-03-29,Buraidah,5807000,509000000,87.65283278801446
2025-03-23,2025-03-29,Dammam,9229000,899829000,97.5001625311518
2025-03-23,2025-03-29,Hail,4532000,339250000,74.85657546337158
2025-03-23,2025-03-29,Jeddah,30331000,2977788000,98.17638719461937
2025-03-23,2025-03-29,Khobar,4346000,494457000,113.77289461573861
2025-03-23,2025-03-29,Madinah,11350000,934576000,82.34149779735682
2025-03-23,2025-03-29,Makkah,12641000,1218319000,96.37837196424333
2025-03-23,2025-03-29,Riyadh,72611000,6384458000,87.92687058434673
2025-03-23,2025-03-29,Tabuk,4853000,356237000,73.40552235730476
2025-03-30,2025-04-05,Abha,2629000,130034000,49.46139216432103
2025-03-30,2025-04-05,Buraidah,4507000,252049000,55.923896161526514
2025-03-30,2025-04-05,Dammam,7269000,478283000,65.797633787316
2025-03-30,2025-04-05,Hail,3625000,183368000,50.584275862068964
2025-03-30,2025-04-05,Jeddah,22811000,1498637000,65.69799658059708
2025-03-30,2025-04-05,Khobar,4126000,319615000,77.4636451769268
2025-03-30,2025-04-05,Madinah,8768000,516500000,58.90739051094891
2025-03-30,2025-04-05,Makkah,8123000,515619000,63.476424966145515
2025-03-30,2025-04-05,Riyadh,56049000,3198328000,57.063069813912826
2025-03-30,2025-04-05,Tabuk,3586000,174893000,48.771054099274956
2025-04-06,2025-04-12,Abha,3015000,147729000,48.99800995024876
2025-04-06,2025-04-12,Buraidah,4775000,298310000,62.47329842931937
2025-04-06,2025-04-12,Dammam,8709000,635324000,72.9502813181766
2025-04-06,2025-04-12,Hail,3769000,194503000,51.60599628548687
2025-04-06,2025-04-12,Jeddah,24878000,1767130000,71.03183535653991
2025-04-06,2025-04-12,Khobar,4489000,365038000,81.31833370461128
2025-04-06,2025-04-12,Madinah,8433000,494305000,58.6155579271908
2025-04-06,2025-04-12,Makkah,8110000,485503000,59.86473489519112
2025-04-06,2025-04-12,Riyadh,66466000,4301417000,64.71605031143743
2025-04-06,2025-04-12,Tabuk,4512000,230538000,51.09441489361702
2025-04-13,2025-04-19,Abha,2935000,136105000,46.373083475298124
2025-04-13,2025-04-19,Buraidah,4583000,277683000,60.58978834824351
2025-04-13,2025-04-19,Dammam,8469000,592458000,69.9560750974141
2025-04-13,2025-04-19,Hail,3468000,170261000,49.094867358708186
2025-04-13,2025-04-19,Jeddah,24162000,1667182000,69.0001655492095
2025-04-13,2025-04-19,Khobar,4458000,352885000,79.15769403319874
2025-04-13,2025-04-19,Madinah,8083000,456404000,56.46467895583323
2025-04-13,2025-04-19,Makkah,7803000,446060000,57.165192874535435
2025-04-13,2025-04-19,Riyadh,65720000,4109354000,62.528210590383445
2025-04-13,2025-04-19,Tabuk,4323000,207943000,48.10154984964145
2025-04-20,2025-04-26,Abha,2880000,133417000,46.32534722222222
2025-04-20,2025-04-26,Buraidah,4541000,274783000,60.511561330103504
2025-04-20,2025-04-26,Dammam,8537000,602523000,70.57783764788567
2025-04-20,2025-04-26,Hail,3409000,167233000,49.056321501906716
2025-04-20,2025-04-26,Jeddah,23754000,1658572000,69.82285088827145
2025-04-20,2025-04-26,Khobar,4502000,372290000,82.69435806308307
2025-04-20,2025-04-26,Madinah,7942000,421101000,53.02203475195165
2025-04-20,2025-04-26,Makkah,7527000,420759000,55.89996014348346
2025-04-20,2025-04-26,Riyadh,65840000,4113542000,62.477855407047386
2025-04-20,2025-04-26,Tabuk,4232000,202494000,47.848298676748584
2025-04-27,2025-05-03,Abha,3550000,199340000,56.15211267605634
2025-04-27,2025-05-03,Buraidah,5364000,366994000,68.4179716629381
2025-04-27,2025-05-03,Dammam,9940000,772074000,77.67344064386317
2025-04-27,2025-05-03,Hail,4534000,268986000,59.326422584913985
2025-04-27,2025-05-03,Jeddah,28093000,2110340000,75.11978072829531
2025-04-27,2025-05-03,Khobar,5126000,462591000,90.24404994147483
2025-04-27,2025-05-03,Madinah,9637000,575753000,59.74400747120473
2025-04-27,2025-05-03,Makkah,9408000,558030000,59.31441326530612
2025-04-27,2025-05-03,Riyadh,76602000,5284915000,68.99186705307956
2025-04-27,2025-05-03,Tabuk,5458000,325227000,59.587211432759254
2025-05-04,2025-05-10,Abha,3311000,170124000,51.38145575354878
2025-05-04,2025-05-10,Buraidah,4949000,309146000,62.46635683976561
2025-05-04,2025-05-10,Dammam,9281000,679301000,73.1926516539166
2025-05-04,2025-05-10,Hail,3861000,205128000,53.12820512820513
2025-05-04,2025-05-10,Jeddah,26586000,1879454000,70.69337245166629
2025-05-04,2025-05-10,Khobar,4899000,403599000,82.38395590936926
2025-05-04,2025-05-10,Madinah,8731000,462726000,52.998052914900924
2025-05-04,2025-05-10,Makkah,9002000,495267000,55.017440568762495
2025-05-04,2025-05-10,Riyadh,71288000,4663563000,65.41862585568398
2025-05-04,2025-05-10,Tabuk,4732000,244149000,51.595308537616226
2025-05-11,2025-05-17,Abha,3188000,153570000,48.17126725219573
2025-05-11,2025-05-17,Buraidah,4905000,291876000,59.50581039755352
2025-05-11,2025-05-17,Dammam,9074000,640596000,70.59687017853207
2025-05-11,2025-05-17,Hail,3785000,193431000,51.10462351387054
2025-05-11,2025-05-17,Jeddah,25854000,1748052000,67.61243908099327
2025-05-11,2025-05-17,Khobar,4698000,377152000,80.27926777352064
2025-05-11,2025-05-17,Madinah,8560000,435064000,50.825233644859814
2025-05-11,2025-05-17,Makkah,8252000,393385000,47.6714735821619
2025-05-11,2025-05-17,Riyadh,70560000,4502701000,63.813789682539685
2025-05-11,2025-05-17,Tabuk,4742000,238062000,50.20286798819064
2025-05-18,2025-05-24,Abha,3013000,146088000,48.48589445735148
2025-05-18,2025-05-24,Buraidah,4656000,277834000,59.672250859106526
2025-05-18,2025-05-24,Dammam,8750000,620650000,70.93142857142857
2025-05-18,2025-05-24,Hail,3475000,172084000,49.52057553956835
2025-05-18,2025-05-24,Jeddah,24765000,1697733000,68.55372501514233
2025-05-18,2025-05-24,Khobar,4548000,365136000,80.28496042216359
2025-05-18,2025-05-24,Madinah,8038000,408843000,50.86377208260761
2025-05-18,2025-05-24,Makkah,8100000,379611000,46.86555555555555
2025-05-18,2025-05-24,Riyadh,67727000,4315871000,63.72452640748889
2025-05-18,2025-05-24,Tabuk,4306000,213948000,49.68601950766372
2025-05-25,2025-05-31,Abha,3487000,205069000,58.80957843418411
2025-05-25,2025-05-31,Buraidah,5458000,380458000,69.70648589226823
2025-05-25,2025-05-31,Dammam,9767000,776524000,79.50486331524522
2025-05-25,2025-05-31,Hail,4332000,262633000,60.626269621421976
2025-05-25,2025-05-31,Jeddah,28254000,2167492000,76.71451829829405
2025-05-25,2025-05-31,Khobar,4965000,451523000,90.94118831822759
2025-05-25,2025-05-31,Madinah,9654000,595450000,61.67909674746219
2025-05-25,2025-05-31,Makkah,9827000,562241000,57.21390047827414
2025-05-25,2025-05-31,Riyadh,75851000,5412058000,71.35117533058232
2025-05-25,2025-05-31,Tabuk,5213000,323609000,62.077306733167084
2025-06-01,2025-06-07,Abha,3315000,195847000,59.079034690799396
2025-06-01,2025-06-07,Buraidah,5471000,358064000,65.44763297386218
2025-06-01,2025-06-07,Dammam,9133000,690243000,75.57680937260484
2025-06-01,2025-06-07,Hail,4336000,253909000,58.55834870848709
2025-06-01,2025-06-07,Jeddah,25642000,1859982000,72.53654161141877
2025-06-01,2025-06-07,Khobar,4666000,398747000,85.45799399914273
2025-06-01,2025-06-07,Madinah,9918000,592184000,59.708005646299654
2025-06-01,2025-06-07,Makkah,9406000,544081000,57.84403572187965
2025-06-01,2025-06-07,Riyadh,69269000,4610304000,66.55652600730485
2025-06-01,2025-06-07,Tabuk,4724000,272669000,57.71994072819644
2025-06-08,2025-06-14,Abha,3168000,154012000,48.61489898989899
2025-06-08,2025-06-14,Buraidah,4897000,281281000,57.439452726158876
2025-06-08,2025-06-14,Dammam,7878000,526129000,66.78458999746128
2025-06-08,2025-06-14,Hail,3717000,182142000,49.002421307506054
2025-06-08,2025-06-14,Jeddah,24195000,1593278000,65.8515395742922
2025-06-08,2025-06-14,Khobar,4228000,311514000,73.67880794701986
2025-06-08,2025-06-14,Madinah,8648000,457709000,52.92657261794635
2025-06-08,2025-06-14,Makkah,8510000,517625000,60.82549941245593
2025-06-08,2025-06-14,Riyadh,61411000,3585913000,58.39203074367784
2025-06-08,2025-06-14,Tabuk,4129000,197607000,47.85831920561879
2025-06-15,2025-06-21,Abha,3061000,141954000,46.375040836328
2025-06-15,2025-06-21,Buraidah,4657000,270344000,58.05110586214301
2025-06-15,2025-06-21,Dammam,8346000,570283000,68.33009825065899
2025-06-15,2025-06-21,Hail,3423000,159814000,46.688285130002924
2025-06-15,2025-06-21,Jeddah,24297000,1599479000,65.83030826851052
2025-06-15,2025-06-21,Khobar,4286000,327552000,76.42370508632757
2025-06-15,2025-06-21,Madinah,8022000,404035000,50.365868860633256
2025-06-15,2025-06-21,Makkah,7605000,392493000,51.609861932938855
2025-06-15,2025-06-21,Riyadh,65367000,3911281000,59.83571220952469
2025-06-15,2025-06-21,Tabuk,4329000,203456000,46.998382998383
2025-06-22,2025-06-28,Abha,3482000,195264000,56.078116025272834
2025-06-22,2025-06-28,Buraidah,5044000,327746000,64.97739888977003
2025-06-22,2025-06-28,Dammam,8922000,673306000,75.46581483972203
2025-06-22,2025-06-28,Hail,3958000,226212000,57.15310763011622
2025-06-22,2025-06-28,Jeddah,26160000,1926092000,73.62737003058103
2025-06-22,2025-06-28,Khobar,4574000,385690000,84.32225623087014
2025-06-22,2025-06-28,Madinah,8807000,515997000,58.58941750879982
2025-06-22,2025-06-28,Makkah,8176000,471725000,57.69630626223092
2025-06-22,2025-06-28,Riyadh,70307000,4683564000,66.61589884364288
2025-06-22,2025-06-28,Tabuk,4808000,278491000,57.92242096505824
2025-06-29,2025-07-05,Abha,3888000,217676000,55.98662551440329
2025-06-29,2025-07-05,Buraidah,5249000,341758000,65.10916365021909
2025-06-29,2025-07-05,Dammam,9052000,680169000,75.14019001325674
2025-06-29,2025-07-05,Hail,4213000,242723000,57.61286494184667
2025-06-29,2025-07-05,Jeddah,27562000,2057342000,74.64414773964154
2025-06-29,2025-07-05,Khobar,4662000,387482000,83.11497211497212
2025-06-29,2025-07-05,Madinah,9342000,556241000,59.54196103618069
2025-06-29,2025-07-05,Makkah,8897000,536421000,60.292345734517255
2025-06-29,2025-07-05,Riyadh,73230000,4865734000,66.44454458555236
2025-06-29,2025-07-05,Tabuk,4951000,278759000,56.3035750353464
2025-07-06,2025-07-12,Abha,4027000,209736000,52.082443506332254
2025-07-06,2025-07-12,Buraidah,5061000,317984000,62.83027069749061
2025-07-06,2025-07-12,Dammam,8704000,626132000,71.9361213235294
2025-07-06,2025-07-12,Hail,3990000,211601000,53.0328320802005
2025-07-06,2025-07-12,Jeddah,26541000,1893920000,71.35827587506122
2025-07-06,2025-07-12,Khobar,4537000,357804000,78.86356623319374
2025-07-06,2025-07-12,Madinah,9079000,515483000,56.777508536182395
2025-07-06,2025-07-12,Makkah,8882000,530718000,59.75208286421977
2025-07-06,2025-07-12,Riyadh,70837000,4471019000,63.11700100230106
2025-07-06,2025-07-12,Tabuk,4573000,235645000,51.52963043953641
2025-07-13,2025-07-19,Abha,4033000,207484000,51.446565831886936
2025-07-13,2025-07-19,Buraidah,4776000,288894000,60.48869346733668
2025-07-13,2025-07-19,Dammam,8285000,582989000,70.36680748340375
2025-07-13,2025-07-19,Hail,3689000,190606000,51.66874491732177
2025-07-13,2025-07-19,Jeddah,25312000,1756915000,69.41035872313527
2025-07-13,2025-07-19,Khobar,4302000,332158000,77.21013482101348
2025-07-13,2025-07-19,Madinah,8659000,483667000,55.857142857142854
2025-07-13,2025-07-19,Makkah,8549000,507034000,59.30915896596093
2025-07-13,2025-07-19,Riyadh,68014000,4202136000,61.783397535801456
2025-07-13,2025-07-19,Tabuk,4155000,205588000,49.479663056558365
2025-07-20,2025-07-26,Abha,4066000,210088000,51.66945400885391
2025-07-20,2025-07-26,Buraidah,4643000,279549000,60.20870127073013
2025-07-20,2025-07-26,Dammam,8050000,566809000,70.41105590062112
2025-07-20,2025-07-26,Hail,3544000,184560000,52.07674943566592
2025-07-20,2025-07-26,Jeddah,24534000,1701823000,69.36590038314176
2025-07-20,2025-07-26,Khobar,4157000,330737000,79.56146259321626
2025-07-20,2025-07-26,Madinah,8353000,472395000,56.55393271878367
2025-07-20,2025-07-26,Makkah,8252000,501292000,60.74793989335919
2025-07-20,2025-07-26,Riyadh,66325000,4088139000,61.63797964568413
2025-07-20,2025-07-26,Tabuk,3935000,196711000,49.99008894536213
2025-07-27,2025-08-02,Abha,5152000,301680000,58.55590062111801
2025-07-27,2025-08-02,Buraidah,5373000,365993000,68.11706681555928
2025-07-27,2025-08-02,Dammam,9139000,698913000,76.47587263376737
2025-07-27,2025-08-02,Hail,4559000,276597000,60.67054178547927
2025-07-27,2025-08-02,Jeddah,28062000,2114310000,75.34423775924738
2025-07-27,2025-08-02,Khobar,4615000,399834000,86.63791982665222
2025-07-27,2025-08-02,Madinah,9941000,632365000,63.61180967709486
2025-07-27,2025-08-02,Makkah,9773000,646017000,66.10222040315153
2025-07-27,2025-08-02,Riyadh,75662000,5082730000,67.1767862335122
2025-07-27,2025-08-02,Tabuk,5016000,298516000,59.51275917065391
2025-08-03,2025-08-09,Abha,5130000,285038000,55.56296296296296
2025-08-03,2025-08-09,Buraidah,4982000,320796000,64.39100762745885
2025-08-03,2025-08-09,Dammam,8579000,634676000,73.98018417064927
2025-08-03,2025-08-09,Hail,3985000,213074000,53.46900878293601
2025-08-03,2025-08-09,Jeddah,26498000,1908922000,72.04022945127934
2025-08-03,2025-08-09,Khobar,4399000,362230000,82.34371448056376
2025-08-03,2025-08-09,Madinah,9197000,545698000,59.33434815700772
2025-08-03,2025-08-09,Makkah,9270000,578049000,62.356957928802586
2025-08-03,2025-08-09,Riyadh,71884000,4582144000,63.74358688998943
2025-08-03,2025-08-09,Tabuk,4488000,234223000,52.18872549019608
2025-08-10,2025-08-16,Abha,4746000,263984000,55.62241887905605
2025-08-10,2025-08-16,Buraidah,5001000,322369000,64.46090781843631
2025-08-10,2025-08-16,Dammam,8515000,628579000,73.82019964768057
2025-08-10,2025-08-16,Hail,3912000,206765000,52.85403885480573
2025-08-10,2025-08-16,Jeddah,25677000,1816320000,70.7372356583713
2025-08-10,2025-08-16,Khobar,4325000,371893000,85.98682080924856
2025-08-10,2025-08-16,Madinah,9023000,529057000,58.63426798182423
2025-08-10,2025-08-16,Makkah,9059000,553718000,61.12352356772271
2025-08-10,2025-08-16,Riyadh,71065000,4591823000,64.61440934355872
2025-08-10,2025-08-16,Tabuk,4507000,232971000,51.69092522742401
2025-08-17,2025-08-23,Abha,3907000,220486000,56.43358075249552
2025-08-17,2025-08-23,Buraidah,4836000,318238000,65.80603804797353
2025-08-17,2025-08-23,Dammam,8577000,671800000,78.32575492596479
2025-08-17,2025-08-23,Hail,3552000,191082000,53.795608108108105
2025-08-17,2025-08-23,Jeddah,24425000,1770840000,72.50112589559878
2025-08-17,2025-08-23,Khobar,4321000,411396000,95.20851654709558
2025-08-17,2025-08-23,Madinah,8338000,491266000,58.918925401775006
2025-08-17,2025-08-23,Makkah,8263000,495666000,59.98620355802977
2025-08-17,2025-08-23,Riyadh,69546000,4904817000,70.5262272452765
2025-08-17,2025-08-23,Tabuk,4336000,233896000,53.94280442804428
2025-08-24,2025-08-30,Abha,3709000,221073000,59.604475599892154
2025-08-24,2025-08-30,Buraidah,5358000,378787000,70.69559537140724
2025-08-24,2025-08-30,Dammam,9578000,771708000,80.5708916266444
2025-08-24,2025-08-30,Hail,4244000,249620000,58.817153628652214
2025-08-24,2025-08-30,Jeddah,27447000,2197411000,80.06015229351114
2025-08-24,2025-08-30,Khobar,4756000,441497000,92.82947855340622
2025-08-24,2025-08-30,Madinah,9448000,624301000,66.07758255715495
2025-08-24,2025-08-30,Makkah,9264000,610990000,65.95315198618307
2025-08-24,2025-08-30,Riyadh,76565000,5479487000,71.56647293149611
2025-08-24,2025-08-30,Tabuk,5091000,306792000,60.26163818503241
2025-08-31,2025-09-06,Abha,3713000,197860000,53.28844600053865
2025-08-31,2025-09-06,Buraidah,5479000,366234000,66.84321956561416
2025-08-31,2025-09-06,Dammam,9930000,737222000,74.24189325276939
2025-08-31,2025-09-06,Hail,4300000,233792000,54.370232558139534
2025-08-31,2025-09-06,Jeddah,28272000,2110203000,74.63932512733446
2025-08-31,2025-09-06,Khobar,4954000,418241000,84.42490916431167
2025-08-31,2025-09-06,Madinah,9547000,576840000,60.421074683146536
2025-08-31,2025-09-06,Makkah,9579000,583811000,60.94696732435536
2025-08-31,2025-09-06,Riyadh,78864000,5172061000,65.58202728748225
2025-08-31,2025-09-06,Tabuk,5173000,290155000,56.09027643533733
2025-09-07,2025-09-13,Abha,3412000,167801000,49.17966002344666
2025-09-07,2025-09-13,Buraidah,5283000,318467000,60.28146886238879
2025-09-07,2025-09-13,Dammam,9581000,663985000,69.30226489927982
2025-09-07,2025-09-13,Hail,4070000,199045000,48.9054054054054
2025-09-07,2025-09-13,Jeddah,27094000,1849001000,68.24392854506533
2025-09-07,2025-09-13,Khobar,4805000,376903000,78.43975026014569
2025-09-07,2025-09-13,Madinah,9087000,496200000,54.605480356553315
2025-09-07,2025-09-13,Makkah,9039000,506112000,55.9920345170926
2025-09-07,2025-09-13,Riyadh,75952000,4653174000,61.264667158205185
2025-09-07,2025-09-13,Tabuk,4864000,240233000,49.39000822368421
2025-09-14,2025-09-20,Abha,3137000,152596000,48.64392731909468
2025-09-14,2025-09-20,Buraidah,5007000,301831000,60.281805472338725
2025-09-14,2025-09-20,Dammam,9175000,635821000,69.29929155313351
2025-09-14,2025-09-20,Hail,3767000,182263000,48.38412529864614
2025-09-14,2025-09-20,Jeddah,25858000,1769166000,68.41851651326475
2025-09-14,2025-09-20,Khobar,4653000,377660000,81.16483988824415
2025-09-14,2025-09-20,Madinah,8481000,466283000,54.97971937271548
2025-09-14,2025-09-20,Makkah,8416000,473067000,56.2104325095057
2025-09-14,2025-09-20,Riyadh,72671000,4488334000,61.76238114240894
2025-09-14,2025-09-20,Tabuk,4523000,220176000,48.67919522440858
2025-09-21,2025-09-27,Abha,3176000,153207000,48.2389798488665
2025-09-21,2025-09-27,Buraidah,5175000,317336000,61.32096618357488
2025-09-21,2025-09-27,Dammam,9178000,640828000,69.82218348224013
2025-09-21,2025-09-27,Hail,3964000,197934000,49.93289606458123
2025-09-21,2025-09-27,Jeddah,26094000,1802587000,69.08051659385299
2025-09-21,2025-09-27,Khobar,4805000,393249000,81.84162330905308
2025-09-21,2025-09-27,Madinah,8737000,485657000,55.58624241730571
2025-09-21,2025-09-27,Makkah,8548000,495834000,58.005849321478706
2025-09-21,2025-09-27,Riyadh,73114000,4555150000,62.302021500670186
2025-09-21,2025-09-27,Tabuk,4516000,224851000,49.78985828166519
2025-09-28,2025-10-04,Abha,3572000,199742000,55.91881298992161
2025-09-28,2025-10-04,Buraidah,5713000,391753000,68.57220374584281
2025-09-28,2025-10-04,Dammam,10364000,790578000,76.28116557313778
2025-09-28,2025-10-04,Hail,4657000,274599000,58.96478419583423
2025-09-28,2025-10-04,Jeddah,28955000,2133052000,73.66782939043343
2025-09-28,2025-10-04,Khobar,5164000,453308000,87.78233927188226
2025-09-28,2025-10-04,Madinah,10004000,621016000,62.07676929228309
2025-09-28,2025-10-04,Makkah,9843000,612153000,62.19170984455958
2025-09-28,2025-10-04,Riyadh,82027000,5504852000,67.11024418788935
2025-09-28,2025-10-04,Tabuk,5631000,335100000,59.50985615343633
2025-10-05,2025-10-11,Abha,3296000,160388000,48.661407766990294
2025-10-05,2025-10-11,Buraidah,5369000,329647000,61.39821195753399
2025-10-05,2025-10-11,Dammam,9786000,672791000,68.75035765379113
2025-10-05,2025-10-11,Hail,4156000,209140000,50.32242540904716
2025-10-05,2025-10-11,Jeddah,27561000,1840667000,66.7852037299082
2025-10-05,2025-10-11,Khobar,4996000,388689000,77.80004003202562
2025-10-05,2025-10-11,Madinah,9420000,521785000,55.3911889596603
2025-10-05,2025-10-11,Makkah,9385000,537564000,57.27906233351092
2025-10-05,2025-10-11,Riyadh,78273000,4757171000,60.77665350759521
2025-10-05,2025-10-11,Tabuk,5018000,250586000,49.937425269031486
2025-10-12,2025-10-18,Abha,3040000,143155000,47.09046052631579
2025-10-12,2025-10-18,Buraidah,5025000,296003000,58.90606965174129
2025-10-12,2025-10-18,Dammam,9311000,619676000,66.55310922564708
2025-10-12,2025-10-18,Hail,3759000,181854000,48.37829209896249
2025-10-12,2025-10-18,Jeddah,26060000,1694108000,65.007981580967
2025-10-12,2025-10-18,Khobar,4737000,353294000,74.5818028287946
2025-10-12,2025-10-18,Madinah,8758000,480376000,54.84996574560402
2025-10-12,2025-10-18,Makkah,8771000,495664000,56.511686238741305
2025-10-12,2025-10-18,Riyadh,74298000,4384658000,59.01448222024819
2025-10-12,2025-10-18,Tabuk,4631000,221844000,47.90412437918376
2025-10-19,2025-10-25,Abha,2872000,135687000,47.244777158774376
2025-10-19,2025-10-25,Buraidah,4846000,284189000,58.64403631861329
2025-10-19,2025-10-25,Dammam,8982000,590633000,65.75740369628146
2025-10-19,2025-10-25,Hail,3520000,169140000,48.05113636363637
2025-10-19,2025-10-25,Jeddah,25098000,1611360000,64.2027253167583
2025-10-19,2025-10-25,Khobar,4613000,351668000,76.23412096249729
2025-10-19,2025-10-25,Madinah,8359000,464889000,55.61538461538461
2025-10-19,2025-10-25,Makkah,8297000,478914000,57.721345064481135
2025-10-19,2025-10-25,Riyadh,71795000,4280106000,59.615655686329134
2025-10-19,2025-10-25,Tabuk,4303000,205455000,47.74692075296305
2025-10-26,2025-11-01,Abha,3395000,193111000,56.88100147275405
2025-10-26,2025-11-01,Buraidah,5720000,387554000,67.7541958041958
2025-10-26,2025-11-01,Dammam,10362000,766559000,73.97790001930129
2025-10-26,2025-11-01,Hail,4693000,283086000,60.32090347325804
2025-10-26,2025-11-01,Jeddah,28950000,2050378000,70.82480138169257
2025-10-26,2025-11-01,Khobar,5218000,439632000,84.25297048677655
2025-10-26,2025-11-01,Madinah,10157000,636388000,62.65511469922221
2025-10-26,2025-11-01,Makkah,9957000,650749000,65.35593050115497
2025-10-26,2025-11-01,Riyadh,82743000,5461919000,66.0106474263684
2025-10-26,2025-11-01,Tabuk,5611000,340328000,60.653715915166636
2025-11-02,2025-11-08,Abha,3113000,159682000,51.29521362030196
2025-11-02,2025-11-08,Buraidah,5326000,337529000,63.373826511453245
2025-11-02,2025-11-08,Dammam,9834000,688207000,69.98240797234085
2025-11-02,2025-11-08,Hail,4076000,216879000,53.20878312070658
2025-11-02,2025-11-08,Jeddah,27556000,1852866000,67.24002032225286
2025-11-02,2025-11-08,Khobar,5041000,402349000,79.81531442174172
2025-11-02,2025-11-08,Madinah,9293000,530890000,57.127945765630045
2025-11-02,2025-11-08,Makkah,9270000,557114000,60.09859762675297
2025-11-02,2025-11-08,Riyadh,78070000,4905298000,62.83204816190598
2025-11-02,2025-11-08,Tabuk,4919000,256390000,52.12238259808904
2025-11-09,2025-11-15,Abha,3065000,148257000,48.37096247960848
2025-11-09,2025-11-15,Buraidah,5295000,328547000,62.04853635505194
2025-11-09,2025-11-15,Dammam,9653000,647713000,67.09965813736662
2025-11-09,2025-11-15,Hail,4001000,209586000,52.38340414896276
2025-11-09,2025-11-15,Jeddah,27044000,1750136000,64.71439136222452
2025-11-09,2025-11-15,Khobar,4939000,383693000,77.68637375987042
2025-11-09,2025-11-15,Madinah,9257000,516792000,55.82715782650967
2025-11-09,2025-11-15,Makkah,9203000,535163000,58.15092904487667
2025-11-09,2025-11-15,Riyadh,76833000,4684529000,60.97027318990538
2025-11-09,2025-11-15,Tabuk,4850000,244061000,50.32185567010309
2025-11-16,2025-11-22,Abha,2771000,134176000,48.42150848069289
2025-11-16,2025-11-22,Buraidah,5077000,315089000,62.06204451447705
2025-11-16,2025-11-22,Dammam,9190000,621219000,67.59727965179543
2025-11-16,2025-11-22,Hail,3702000,193895000,52.375742841707186
2025-11-16,2025-11-22,Jeddah,26181000,1719260000,65.66823268782706
2025-11-16,2025-11-22,Khobar,4782000,377947000,79.0353408615642
2025-11-16,2025-11-22,Madinah,8858000,515597000,58.20693158726575
2025-11-16,2025-11-22,Makkah,8796000,518601000,58.958731241473394
2025-11-16,2025-11-22,Riyadh,72025000,4455615000,61.86206178410274
2025-11-16,2025-11-22,Tabuk,4317000,220884000,51.16608756080611
2025-11-23,2025-11-29,Abha,2862000,158674000,55.44164919636618
2025-11-23,2025-11-29,Buraidah,5612000,387277000,69.00873129009265
2025-11-23,2025-11-29,Dammam,9680000,708077000,73.14845041322315
2025-11-23,2025-11-29,Hail,4313000,260021000,60.28773475539068
2025-11-23,2025-11-29,Jeddah,28487000,2029929000,71.25808263418402
2025-11-23,2025-11-29,Khobar,5235000,442662000,84.55816618911174
2025-11-23,2025-11-29,Madinah,10085000,654128000,64.86147744174517
2025-11-23,2025-11-29,Makkah,9680000,625056000,64.57190082644628
2025-11-23,2025-11-29,Riyadh,75196000,5084784000,67.62040534070961
2025-11-23,2025-11-29,Tabuk,4668000,277218000,59.386889460154244
2025-11-30,2025-12-06,Abha,3045000,163493000,53.69228243021347
2025-11-30,2025-12-06,Buraidah,5394000,361387000,66.99796069707082
2025-11-30,2025-12-06,Dammam,9727000,713713000,73.3744217127583
2025-11-30,2025-12-06,Hail,4197000,243251000,57.958303550154874
2025-11-30,2025-12-06,Jeddah,27297000,1909861000,69.96596695607576
2025-11-30,2025-12-06,Khobar,4954000,406387000,82.03209527654421
2025-11-30,2025-12-06,Madinah,9329000,577359000,61.88862686247186
2025-11-30,2025-12-06,Makkah,9291000,586524000,63.128188569583465
2025-11-30,2025-12-06,Riyadh,74160000,4887972000,65.9111650485437
2025-11-30,2025-12-06,Tabuk,4893000,280733000,57.37441242591457
2025-12-07,2025-12-13,Abha,3015000,147657000,48.97412935323383
2025-12-07,2025-12-13,Buraidah,5354000,331175000,61.85562196488607
2025-12-07,2025-12-13,Dammam,9668000,651554000,67.39284236657012
2025-12-07,2025-12-13,Hail,4038000,210696000,52.178306092124814
2025-12-07,2025-12-13,Jeddah,27395000,1774933000,64.79039970797591
2025-12-07,2025-12-13,Khobar,5055000,388496000,76.8538081107814
2025-12-07,2025-12-13,Madinah,9485000,551118000,58.10416447021613
2025-12-07,2025-12-13,Makkah,9531000,568564000,59.65418109327458
2025-12-07,2025-12-13,Riyadh,74567000,4634312000,62.14963723899312
2025-12-07,2025-12-13,Tabuk,4701000,239754000,51.000638162093175
2025-12-14,2025-12-20,Abha,2778000,134664000,48.475161987041034
2025-12-14,2025-12-20,Buraidah,4947000,322719000,65.23529411764706
2025-12-14,2025-12-20,Dammam,8911000,608269000,68.26046459432162
2025-12-14,2025-12-20,Hail,3547000,187352000,52.8198477586693
2025-12-14,2025-12-20,Jeddah,26145000,1727155000,66.06062344616562
2025-12-14,2025-12-20,Khobar,4695000,362757000,77.26453674121406
2025-12-14,2025-12-20,Madinah,8592000,521163000,60.65677374301676
2025-12-14,2025-12-20,Makkah,8765000,538708000,61.46126640045636
2025-12-14,2025-12-20,Riyadh,69842000,4416568000,63.23656252684631
2025-12-14,2025-12-20,Tabuk,4272000,216153000,50.59761235955056
2025-12-21,2025-12-27,Abha,2810000,138129000,49.15622775800712
2025-12-21,2025-12-27,Buraidah,4955000,316914000,63.95842583249243
2025-12-21,2025-12-27,Dammam,9220000,659538000,71.53340563991323
2025-12-21,2025-12-27,Hail,3645000,193591000,53.11138545953361
2025-12-21,2025-12-27,Jeddah,26208000,1779284000,67.89087301587301
2025-12-21,2025-12-27,Khobar,4743000,386068000,81.39742778831963
2025-12-21,2025-12-27,Madinah,8654000,559741000,64.68003235498036
2025-12-21,2025-12-27,Makkah,8834000,594000000,67.24020828616707
2025-12-21,2025-12-27,Riyadh,70959000,4638984000,65.37555489789878
2025-12-21,2025-12-27,Tabuk,4206000,217854000,51.796005706134096
2025-12-28,2026-01-03,Abha,3253000,190265000,58.489086996618504
2025-12-28,2026-01-03,Buraidah,5694000,417436000,73.31155602388479
2025-12-28,2026-01-03,Dammam,10356000,831931000,80.33323677095403
2025-12-28,2026-01-03,Hail,4444000,295258000,66.43969396939694
2025-12-28,2026-01-03,Jeddah,29683000,2235629000,75.31681433817336
2025-12-28,2026-01-03,Khobar,5241000,467524000,89.20511352795268
2025-12-28,2026-01-03,Madinah,10153000,720352000,70.9496700482616
2025-12-28,2026-01-03,Makkah,10357000,755229000,72.9196678574877
2025-12-28,2026-01-03,Riyadh,79619000,5612638000,70.49370125221367
2025-12-28,2026-01-03,Tabuk,5229000,331195000,63.338114362210746
2026-01-04,2026-01-10,Abha,2936000,153545000,52.29734332425068
2026-01-04,2026-01-10,Buraidah,5357000,352452000,65.79279447451933
2026-01-04,2026-01-10,Dammam,9722000,707119000,72.73390248919975
2026-01-04,2026-01-10,Hail,3904000,222830000,57.07735655737705
2026-01-04,2026-01-10,Jeddah,28568000,2024128000,70.85298235788295
2026-01-04,2026-01-10,Khobar,4966000,405596000,81.6745871929118
2026-01-04,2026-01-10,Madinah,9548000,601893000,63.03864683703394
2026-01-04,2026-01-10,Makkah,9870000,638510000,64.69199594731509
2026-01-04,2026-01-10,Riyadh,74770000,4850575000,64.87327805269493
2026-01-04,2026-01-10,Tabuk,4497000,241777000,53.76406493217701
2026-01-11,2026-01-17,Abha,2733000,141642000,51.82656421514819
2026-01-11,2026-01-17,Buraidah,5412000,344350000,63.62712490761271
2026-01-11,2026-01-17,Dammam,9484000,673164000,70.97891185153944
2026-01-11,2026-01-17,Hail,3906000,216904000,55.53097798259088
2026-01-11,2026-01-17,Jeddah,28940000,2030336000,70.15673807878369
2026-01-11,2026-01-17,Khobar,4978000,400247000,80.40317396544798
2026-01-11,2026-01-17,Madinah,9850000,614908000,62.42720812182741
2026-01-11,2026-01-17,Makkah,10090000,628481000,62.287512388503465
2026-01-11,2026-01-17,Riyadh,74117000,4743527000,64.00052619506995
2026-01-11,2026-01-17,Tabuk,4268000,226194000,52.997656982193064
2026-01-18,2026-01-24,Abha,2652000,133067000,50.176093514328805
2026-01-18,2026-01-24,Buraidah,4772000,313479000,65.69132439228835
2026-01-18,2026-01-24,Dammam,8926000,640588000,71.76652475913063
2026-01-18,2026-01-24,Hail,3315000,180824000,54.547209653092004
2026-01-18,2026-01-24,Jeddah,25757000,1753622000,68.08331715650114
2026-01-18,2026-01-24,Khobar,4634000,373184000,80.53172205438067
2026-01-18,2026-01-24,Madinah,8452000,519670000,61.48485565546616
2026-01-18,2026-01-24,Makkah,8701000,553320000,63.592690495345366
2026-01-18,2026-01-24,Riyadh,69068000,4460244000,64.5775757224764
2026-01-18,2026-01-24,Tabuk,3975000,205587000,51.72
2026-01-25,2026-01-31,Abha,3213000,182429000,56.77840024898848
2026-01-25,2026-01-31,Buraidah,5563000,411234000,73.9230630954521
2026-01-25,2026-01-31,Dammam,10216000,783067000,76.6510375880971
2026-01-25,2026-01-31,Hail,4302000,263117000,61.161552766155275
2026-01-25,2026-01-31,Jeddah,29131000,2169381000,74.46984312244687
2026-01-25,2026-01-31,Khobar,5146000,438905000,85.29051690633501
2026-01-25,2026-01-31,Madinah,9755000,646930000,66.31778575089697
2026-01-25,2026-01-31,Makkah,9833000,653126000,66.42184480829859
2026-01-25,2026-01-31,Riyadh,78633000,5443577000,69.22763979499702
2026-01-25,2026-01-31,Tabuk,5055000,306904000,60.71295746785361
2026-02-01,2026-02-07,Abha,3287000,182021000,55.37602677213265
2026-02-01,2026-02-07,Buraidah,5711000,397624000,69.62423393451235
2026-02-01,2026-02-07,Dammam,10389000,771756000,74.2858792954086
2026-02-01,2026-02-07,Hail,4423000,265404000,60.00542618132489
2026-02-01,2026-02-07,Jeddah,29826000,2215030000,74.26507074364649
2026-02-01,2026-02-07,Khobar,5277000,430780000,81.63350388478302
2026-02-01,2026-02-07,Madinah,10012000,645886000,64.51118657610867
2026-02-01,2026-02-07,Makkah,10169000,676780000,66.55325007375356
2026-02-01,2026-02-07,Riyadh,81319000,5507562000,67.72786187729805
2026-02-01,2026-02-07,Tabuk,5067000,290267000,57.28577067298204
2026-02-08,2026-02-14,Abha,3172000,167246000,52.725725094577555
2026-02-08,2026-02-14,Buraidah,5660000,380426000,67.21307420494699
2026-02-08,2026-02-14,Dammam,10361000,746287000,72.02847215519738
2026-02-08,2026-02-14,Hail,4271000,238587000,55.86209318660735
2026-02-08,2026-02-14,Jeddah,29350000,2118669000,72.18633730834753
2026-02-08,2026-02-14,Khobar,5202000,418895000,80.52575932333718
2026-02-08,2026-02-14,Madinah,9795000,615668000,62.85533435426238
2026-02-08,2026-02-14,Makkah,10005000,655684000,65.53563218390805
2026-02-08,2026-02-14,Riyadh,80653000,5319113000,65.95059080257398
2026-02-08,2026-02-14,Tabuk,4895000,262074000,53.5391215526047
2026-02-15,2026-02-21,Abha,2733000,148539000,54.35016465422613
2026-02-15,2026-02-21,Buraidah,4984000,350220000,70.26886035313002
2026-02-15,2026-02-21,Dammam,8939000,678288000,75.87962859380244
2026-02-15,2026-02-21,Hail,3691000,216457000,58.64454077485776
2026-02-15,2026-02-21,Jeddah,25642000,1883940000,73.47086810701194
2026-02-15,2026-02-21,Khobar,4414000,363025000,82.24399637516991
2026-02-15,2026-02-21,Madinah,8846000,574588000,64.95455573140403
2026-02-15,2026-02-21,Makkah,9796000,743771000,75.92599020008167
2026-02-15,2026-02-21,Riyadh,69887000,4745563000,67.90337258717645
2026-02-15,2026-02-21,Tabuk,4278000,236043000,55.17601683029453
2026-02-22,2026-02-28,Abha,2601000,153046000,58.841214917339485
2026-02-22,2026-02-28,Buraidah,4711000,370510000,78.64784546805349
2026-02-22,2026-02-28,Dammam,8389000,688982000,82.12921683156515
2026-02-22,2026-02-28,Hail,3482000,226082000,64.92877656519242
2026-02-22,2026-02-28,Jeddah,24856000,1990295000,80.07302059864821
2026-02-22,2026-02-28,Khobar,4158000,379614000,91.2972582972583
2026-02-22,2026-02-28,Madinah,8625000,614990000,71.3031884057971
2026-02-22,2026-02-28,Makkah,9913000,872342000,87.99979824472915
2026-02-22,2026-02-28,Riyadh,65736000,4862941000,73.97683156869904
2026-02-22,2026-02-28,Tabuk,4144000,254552000,61.42664092664093
2026-03-01,2026-03-07,Abha,2770000,175693000,63.42707581227437
2026-03-01,2026-03-07,Buraidah,5052000,413508000,81.85035629453682
2026-03-01,2026-03-07,Dammam,8784000,743653000,84.65994990892531
2026-03-01,2026-03-07,Hail,3690000,253709000,68.75582655826558
2026-03-01,2026-03-07,Jeddah,27784000,2340402000,84.23560322487762
2026-03-01,2026-03-07,Khobar,4316000,410671000,95.15083410565339
2026-03-01,2026-03-07,Madinah,9412000,685375000,72.8192732681683
2026-03-01,2026-03-07,Makkah,10901000,857687000,78.67966241629209
2026-03-01,2026-03-07,Riyadh,69613000,5350597000,76.86203726315487
2026-03-01,2026-03-07,Tabuk,4434000,285730000,64.44068561118628
2026-03-08,2026-03-14,Abha,2671000,168511000,63.08910520404343
2026-03-08,2026-03-14,Buraidah,5129000,413253000,80.5718463638136
2026-03-08,2026-03-14,Dammam,8650000,734005000,84.85606936416185
2026-03-08,2026-03-14,Hail,3650000,240327000,65.84301369863013
2026-03-08,2026-03-14,Jeddah,28197000,2421418000,85.8750221654786
2026-03-08,2026-03-14,Khobar,4212000,408115000,96.89339981006648
2026-03-08,2026-03-14,Madinah,9899000,737686000,74.52126477421962
2026-03-08,2026-03-14,Makkah,11512000,1014404000,88.11709520500348
2026-03-08,2026-03-14,Riyadh,69308000,5328904000,76.88728573902003
2026-03-08,2026-03-14,Tabuk,4162000,255878000,61.47957712638155
2026-03-15,2026-03-21,Abha,2587000,152159000,58.81677618863549
2026-03-15,2026-03-21,Buraidah,5298000,375665000,70.90694601736504
2026-03-15,2026-03-21,Dammam,8483000,671014000,79.10102558057291
2026-03-15,2026-03-21,Hail,3745000,226466000,60.471562082777034
2026-03-15,2026-03-21,Jeddah,26625000,2174940000,81.68788732394366
2026-03-15,2026-03-21,Khobar,4281000,396383000,92.59121700537257
2026-03-15,2026-03-21,Madinah,10131000,709415000,70.02418320007897
2026-03-15,2026-03-21,Makkah,11088000,886475000,79.94904401154402
2026-03-15,2026-03-21,Riyadh,66217000,4698782000,70.96035761209357
2026-03-15,2026-03-21,Tabuk,3802000,219766000,57.80273540241978
2026-03-22,2026-03-28,Abha,2992000,163360000,54.598930481283425
2026-03-22,2026-03-28,Buraidah,5253000,339514000,64.63240053302874
2026-03-22,2026-03-28,Dammam,8376000,591616000,70.63228271251194
2026-03-22,2026-03-28,Hail,3998000,226312000,56.60630315157579
2026-03-22,2026-03-28,Jeddah,25579000,1814450000,70.9351421087611
2026-03-22,2026-03-28,Khobar,4556000,361012000,79.23880597014926
2026-03-22,2026-03-28,Madinah,9288000,586524000,63.14857881136951
2026-03-22,2026-03-28,Makkah,8590000,528230000,61.49359720605355
2026-03-22,2026-03-28,Riyadh,66115000,4156638000,62.869817741813506
2026-03-22,2026-03-28,Tabuk,4044000,228300000,56.454005934718104
2026-03-29,2026-04-04,Abha,3340000,177741000,53.215868263473055
2026-03-29,2026-04-04,Buraidah,5551000,363772000,65.53269681138534
2026-03-29,2026-04-04,Dammam,10042000,752837000,74.96883091017726
2026-03-29,2026-04-04,Hail,4382000,244820000,55.86946599726152
2026-03-29,2026-04-04,Jeddah,28230000,2000003000,70.84672334396032
2026-03-29,2026-04-04,Khobar,5136000,433062000,84.31892523364486
2026-03-29,2026-04-04,Madinah,9617000,582432000,60.562753457419156
2026-03-29,2026-04-04,Makkah,9288000,557601000,60.03456072351421
2026-03-29,2026-04-04,Riyadh,78055000,4970461000,63.67895714560246
2026-03-29,2026-04-04,Tabuk,5009000,276758000,55.252146136953485
2026-04-05,2026-04-11,Abha,3298000,161008000,48.81989084293511
2026-04-05,2026-04-11,Buraidah,5458000,328600000,60.205203371198245
2026-04-05,2026-04-11,Dammam,9982000,689842000,69.10859547184933
2026-04-05,2026-04-11,Hail,4121000,208642000,50.628973550109194
2026-04-05,2026-04-11,Jeddah,27959000,1848542000,66.11617010622697
2026-04-05,2026-04-11,Khobar,5154000,392997000,76.25087310826542
2026-04-05,2026-04-11,Madinah,9386000,509464000,54.27913914340507
2026-04-05,2026-04-11,Makkah,9203000,493466000,53.620123872650225
2026-04-05,2026-04-11,Riyadh,77641000,4663317000,60.06255715408096
2026-04-05,2026-04-11,Tabuk,4827000,238301000,49.36834472757406
2026-04-12,2026-04-18,Abha,3047000,146132000,47.95930423367246
2026-04-12,2026-04-18,Buraidah,5188000,300277000,57.87914417887433
2026-04-12,2026-04-18,Dammam,9670000,650391000,67.25863495346432
2026-04-12,2026-04-18,Hail,3819000,181930000,47.63812516365541
2026-04-12,2026-04-18,Jeddah,26652000,1690081000,63.412914603031666
2026-04-12,2026-04-18,Khobar,5041000,371578000,73.71116841896449
2026-04-12,2026-04-18,Madinah,8858000,444206000,50.14743734477309
2026-04-12,2026-04-18,Makkah,8850000,471246000,53.24813559322034
2026-04-12,2026-04-18,Riyadh,75590000,4375606000,57.886043127397805
2026-04-12,2026-04-18,Tabuk,4553000,213018000,46.786294750713814
2026-04-19,2026-04-25,Abha,2943000,140004000,47.571865443425075
2026-04-19,2026-04-25,Buraidah,4734000,272555000,57.573933248838195
2026-04-19,2026-04-25,Dammam,9350000,630397000,67.42213903743315
2026-04-19,2026-04-25,Hail,3580000,169705000,47.4036312849162
2026-04-19,2026-04-25,Jeddah,26367000,1680422000,63.73201350172564
2026-04-19,2026-04-25,Khobar,4927000,369331000,74.96062512685204
2026-04-19,2026-04-25,Madinah,8583000,435638000,50.7559128509845
2026-04-19,2026-04-25,Makkah,9559000,605701000,63.36447327126268
2026-04-19,2026-04-25,Riyadh,73891000,4263965000,57.706148245388476
2026-04-19,2026-04-25,Tabuk,4278000,201081000,47.00350631136045
2026-04-26,2026-05-02,Abha,3600000,201958000,56.099444444444444
2026-04-26,2026-05-02,Buraidah,5958000,395660000,66.4081906680094
2026-04-26,2026-05-02,Dammam,10870000,809759000,74.49484820607175
2026-04-26,2026-05-02,Hail,4811000,284558000,59.147370609020996
2026-04-26,2026-05-02,Jeddah,30486000,2184452000,71.65426753263793
2026-04-26,2026-05-02,Khobar,5582000,463628000,83.05768541741311
2026-04-26,2026-05-02,Madinah,10296000,610162000,59.26204351204351
2026-04-26,2026-05-02,Makkah,11124000,779214000,70.0480043149946
2026-04-26,2026-05-02,Riyadh,86314000,5524017000,63.9990847371226
2026-04-26,2026-05-02,Tabuk,5521000,325474000,58.95200144901286
2026-05-03,2026-05-09,Abha,3414000,174201000,51.025483304042176
2026-05-03,2026-05-09,Buraidah,5665000,347455000,61.333627537511035
2026-05-03,2026-05-09,Dammam,10410000,742994000,71.3731027857829
2026-05-03,2026-05-09,Hail,4277000,221125000,51.70095861585223
2026-05-03,2026-05-09,Jeddah,28829000,1934947000,67.11807554892643
2026-05-03,2026-05-09,Khobar,5370000,424242000,79.0022346368715
2026-05-03,2026-05-09,Madinah,9406000,497344000,52.87518605145652
2026-05-03,2026-05-09,Makkah,9109000,442946000,48.62729168953782
2026-05-03,2026-05-09,Riyadh,82357000,5070887000,61.57202180749663
2026-05-03,2026-05-09,Tabuk,4856000,249545000,51.389003294892916
2026-05-10,2026-05-16,Abha,3357000,167804000,49.98629728924635
2026-05-10,2026-05-16,Buraidah,5596000,337042000,60.229092208720516
2026-05-10,2026-05-16,Dammam,10162000,704793000,69.35573705963392
2026-05-10,2026-05-16,Hail,4200000,211193000,50.28404761904762
2026-05-10,2026-05-16,Jeddah,28419000,1874161000,65.94746472430417
2026-05-10,2026-05-16,Khobar,5202000,407567000,78.3481353325644
2026-05-10,2026-05-16,Madinah,9358000,488675000,52.22002564650566
2026-05-10,2026-05-16,Makkah,9764000,459861000,47.09760344121262
2026-05-10,2026-05-16,Riyadh,81416000,4866596000,59.77444237005011
2026-05-10,2026-05-16,Tabuk,4990000,248568000,49.81322645290581
2026-05-17,2026-05-23,Abha,3326000,179506000,53.97053517739026
2026-05-17,2026-05-23,Buraidah,5577000,361179000,64.76223776223776
2026-05-17,2026-05-23,Dammam,9996000,745796000,74.609443777511
2026-05-17,2026-05-23,Hail,4090000,218531000,53.430562347188264
2026-05-17,2026-05-23,Jeddah,27276000,1941666000,71.18587769467663
2026-05-17,2026-05-23,Khobar,5123000,432754000,84.47276986140933
2026-05-17,2026-05-23,Madinah,9254000,550493000,59.48703263453642
2026-05-17,2026-05-23,Makkah,9481000,523099000,55.17339943043983
2026-05-17,2026-05-23,Riyadh,79271000,5064017000,63.8823403262227
2026-05-17,2026-05-23,Tabuk,4589000,245642000,53.52843756809762
2026-05-24,2026-05-30,Abha,3437000,200040000,58.201920279313356
2026-05-24,2026-05-30,Buraidah,6008000,377466000,62.82723035952064
2026-05-24,2026-05-30,Dammam,9412000,648479000,68.89917127071823
2026-05-24,2026-05-30,Hail,4701000,271491000,57.751754945756225
2026-05-24,2026-05-30,Jeddah,26132000,1713513000,65.57144497168223
2026-05-24,2026-05-30,Khobar,4956000,390844000,78.86279257465698
2026-05-24,2026-05-30,Madinah,10607000,628787000,59.28038088055058
2026-05-24,2026-05-30,Makkah,10199000,608197000,59.63300323561133
2026-05-24,2026-05-30,Riyadh,75832000,4456774000,58.77167950205718
2026-05-24,2026-05-30,Tabuk,4809000,274475000,57.07527552505719
2026-05-31,2026-06-06,Abha,3340000,178671000,53.49431137724551
2026-05-31,2026-06-06,Buraidah,5491000,344321000,62.70642870151156
2026-05-31,2026-06-06,Dammam,9350000,674296000,72.1172192513369
2026-05-31,2026-06-06,Hail,4092000,218778000,53.46480938416422
2026-05-31,2026-06-06,Jeddah,27104000,1886795000,69.613156729634
2026-05-31,2026-06-06,Khobar,4906000,385584000,78.59437423562984
2026-05-31,2026-06-06,Madinah,9161000,549952000,60.031874249536074
2026-05-31,2026-06-06,Makkah,9217000,552193000,59.91027449278507
2026-05-31,2026-06-06,Riyadh,75518000,4632886000,61.34810243915358
2026-05-31,2026-06-06,Tabuk,4620000,243319000,52.666450216450215
2026-06-07,2026-06-13,Abha,3250000,164876000,50.73107692307692
2026-06-07,2026-06-13,Buraidah,5281000,319551000,60.50956258284416
2026-06-07,2026-06-13,Dammam,9554000,673230000,70.4657734980113
2026-06-07,2026-06-13,Hail,3958000,202076000,51.05507832238504
2026-06-07,2026-06-13,Jeddah,26989000,1835707000,68.01685872021935
2026-06-07,2026-06-13,Khobar,4884000,377794000,77.35339885339886
2026-06-07,2026-06-13,Madinah,8922000,497330000,55.741986101770905
2026-06-07,2026-06-13,Makkah,8904000,466882000,52.43508535489668
2026-06-07,2026-06-13,Riyadh,76266000,4586010000,60.13177562740933
2026-06-07,2026-06-13,Tabuk,4752000,239165000,50.32933501683502
2026-06-14,2026-06-20,Abha,3133000,155261000,49.556654963293965
2026-06-14,2026-06-20,Buraidah,5090000,307002000,60.3147347740668
2026-06-14,2026-06-20,Dammam,9188000,631385000,68.71843709185895
2026-06-14,2026-06-20,Hail,3683000,178508000,48.46809666033125
2026-06-14,2026-06-20,Jeddah,25925000,1703432000,65.70615236258438
2026-06-14,2026-06-20,Khobar,4736000,358834000,75.7673141891892
2026-06-14,2026-06-20,Madinah,8406000,447821000,53.273970973114444
2026-06-14,2026-06-20,Makkah,8573000,445632000,51.98087017380147
2026-06-14,2026-06-20,Riyadh,74063000,4454394000,60.14331042490852
2026-06-14,2026-06-20,Tabuk,4389000,214437000,48.85782638414217
2026-06-21,2026-06-27,Abha,3254000,167917000,51.603257529194835
2026-06-21,2026-06-27,Buraidah,5103000,313694000,61.47246717617088
2026-06-21,2026-06-27,Dammam,9040000,631510000,69.85730088495575
2026-06-21,2026-06-27,Hail,3716000,194541000,52.35226049515608
2026-06-21,2026-06-27,Jeddah,25940000,1751859000,67.53504240555127
2026-06-21,2026-06-27,Khobar,4667000,369184000,79.10520677094493
2026-06-21,2026-06-27,Madinah,8426000,465270000,55.21837170662236
2026-06-21,2026-06-27,Makkah,8613000,473260000,54.94717287820736
2026-06-21,2026-06-27,Riyadh,73220000,4496782000,61.414668123463535
2026-06-21,2026-06-27,Tabuk,4247000,217324000,51.17117965622793
2026-06-28,2026-07-04,Abha,4166000,249056000,59.78300528084493
2026-06-28,2026-07-04,Buraidah,5937000,417316000,70.2907192184605
2026-06-28,2026-07-04,Dammam,10316000,793181000,76.88842574641333
2026-06-28,2026-07-04,Hail,4755000,292155000,61.4416403785489
2026-06-28,2026-07-04,Jeddah,30730000,2308505000,75.12219329645298
2026-06-28,2026-07-04,Khobar,5265000,440639000,83.69211775878442
2026-06-28,2026-07-04,Madinah,10427000,665750000,63.848662127169845
2026-06-28,2026-07-04,Makkah,10469000,666875000,63.6999713439679
2026-06-28,2026-07-04,Riyadh,83803000,5501044000,65.64256649523287
2026-06-28,2026-07-04,Tabuk,5331000,320861000,60.187769649221536
2026-07-05,2026-07-11,Abha,4202000,228499000,54.378629224178965
2026-07-05,2026-07-11,Buraidah,5533000,348006000,62.89643954455088
2026-07-05,2026-07-11,Dammam,9549000,677689000,70.96963032778301
2026-07-05,2026-07-11,Hail,4285000,227327000,53.05180863477246
2026-07-05,2026-07-11,Jeddah,28775000,1998699000,69.45956559513466
2026-07-05,2026-07-11,Khobar,4961000,377471000,76.08768393469059
2026-07-05,2026-07-11,Madinah,9745000,569748000,58.46567470497691
2026-07-05,2026-07-11,Makkah,9840000,585906000,59.54329268292683
2026-07-05,2026-07-11,Riyadh,78678000,4718051000,59.96658532245355
2026-07-05,2026-07-11,Tabuk,4641000,237767000,51.23184658478776
2026-07-19,2026-07-25,Abha,4112000,217228000,52.82782101167315
2026-07-19,2026-07-25,Buraidah,5037000,304515000,60.45562835020846
2026-07-19,2026-07-25,Dammam,8537000,578944000,67.81586037249619
2026-07-19,2026-07-25,Hail,3719000,186699000,50.20139822532939
2026-07-19,2026-07-25,Jeddah,26011000,1733143000,66.63115604936372
2026-07-19,2026-07-25,Khobar,4479000,332549000,74.24626032596562
2026-07-19,2026-07-25,Madinah,8619000,487643000,56.57767722473605
2026-07-19,2026-07-25,Makkah,8736000,497503000,56.94860347985348
2026-07-19,2026-07-25,Riyadh,72570000,4156514000,57.2759266914703
2026-07-19,2026-07-25,Tabuk,3888000,182495000,46.93801440329218
2026-07-26,2026-08-01,Abha,5004000,295877000,59.12809752198241
2026-07-26,2026-08-01,Buraidah,5833000,390589000,66.96194068232471
2026-07-26,2026-08-01,Dammam,9595000,725726000,75.63585200625326
2026-07-26,2026-08-01,Hail,4834000,287128000,59.39760033098883
2026-07-26,2026-08-01,Jeddah,29798000,2183430000,73.27438083092825
2026-07-26,2026-08-01,Khobar,4939000,408350000,82.67867989471553
2026-07-26,2026-08-01,Madinah,10304000,649022000,62.98738354037267
2026-07-26,2026-08-01,Makkah,10325000,648774000,62.83525423728813
2026-07-26,2026-08-01,Riyadh,82883000,5229751000,63.09799355718302
2026-07-26,2026-08-01,Tabuk,5056000,293493000,58.04845727848101
2026-08-02,2026-08-08,Abha,5082000,288501000,56.769185360094454
2026-08-02,2026-08-08,Buraidah,5507000,348737000,63.326130379516975
2026-08-02,2026-08-08,Dammam,9202000,663656000,72.12084329493588
2026-08-02,2026-08-08,Hail,4341000,231691000,53.372725178530295
2026-08-02,2026-08-08,Jeddah,28403000,1979513000,69.69379995070943
2026-08-02,2026-08-08,Khobar,4761000,383863000,80.62654904431842
2026-08-02,2026-08-08,Madinah,9682000,579819000,59.88628382565586
2026-08-02,2026-08-08,Makkah,9933000,598576000,60.261351052048724
2026-08-02,2026-08-08,Riyadh,80364000,4881311000,60.740020407147476
2026-08-02,2026-08-08,Tabuk,4555000,232842000,51.1178924259056
2026-08-09,2026-08-15,Abha,4697000,263375000,56.073025335320416
2026-08-09,2026-08-15,Buraidah,5470000,343924000,62.874588665447895
2026-08-09,2026-08-15,Dammam,9136000,651955000,71.36109894921191
2026-08-09,2026-08-15,Hail,4224000,219187000,51.89086174242424
2026-08-09,2026-08-15,Jeddah,27700000,1880252000,67.87913357400723
2026-08-09,2026-08-15,Khobar,4676000,382570000,81.81565440547476
2026-08-09,2026-08-15,Madinah,9586000,567188000,59.16837054037138
2026-08-09,2026-08-15,Makkah,9709000,573665000,59.08589968070862
2026-08-09,2026-08-15,Riyadh,79801000,4839468000,60.64420245360334
2026-08-09,2026-08-15,Tabuk,4540000,227510000,50.11233480176212
